Workbook
Name _77: RAPORT!$F$6

Sheet DATA
A1: SESUAIKAN NAMA GURU NIP, KEP SEK NIP,SISWA DAN KKM
B2: Guru Mapel | D2: Kepala Sekolah | F2: KKM
B3: KASMIN, S.Pd | D3: Dra. BAROKAH GUNIARTI
B4: NIP : 196609141990031007 | D4: NIP : 196901081996122004 | F4: 80
A7: DAFTAR NAMA SISWA
B8: 9A | D8: 9B | F8: 9C | H8: 9D | J8: 9E | L8: 9F
A10: 1 | B10: Affan Bagus Ramadhani | C10: 1 | D10: Abid Lionel Abdillah | E10: 1 | F10: Ahmad Husain | G10: 1 | H10: Aditya Wahyu Putra Septiadi | I10: 1 | J10: Adyatma Danendra Abimanyu | K10: 1 | L10: Ahmad Azam Muhanif
A11: 2 | B11: Affansa Rayya Assalafi | C11: 2 | D11: Aditria Bintang Mustofa | E11: 2 | F11: Albeth Christian F. | G11: 2 | H11: Al Fuzu Daya Satria | I11: 2 | J11: Ainaya Aprillia Azzahra | K11: 2 | L11: Ananda Rafa Mahesa Putra
A12: 3 | B12: Agel Fransiska | C12: 3 | D12: Agni Wulan Pramesti | E12: 3 | F12: Alfino Kurniawan | G12: 3 | H12: Amanda Kirana Maharani | I12: 3 | J12: Alvicko Aprellio Jordan | K12: 3 | L12: Aprian Caysa Raditiansyah
A13: 4 | B13: Alfin Putra Firmansyah | C13: 4 | D13: Ahmad Irfan Annadif | E13: 4 | F13: Alif Jalu Adil | G13: 4 | H13: Andra Prima Reza | I13: 4 | J13: Anastain | K13: 4 | L13: Attaya Nadine Vanessa
A14: 5 | B14: Almira Sadia Qonitah | C14: 5 | D14: Alesha Najwa Adelia | E14: 5 | F14: Almira Tian Az Zahra | G14: 5 | H14: Ayu Safitri Intan Zahwa | I14: 5 | J14: Angginia Regina Putri | K14: 5 | L14: Dimas Suryo Admodjo
A15: 6 | B15: Arif Perdana Putra | C15: 6 | D15: Ana Kharisma Wardani | E15: 6 | F15: Alvino Dafa Radhwa Aqilah | G15: 6 | H15: Azzahra Quinnsha Setyana | I15: 6 | J15: Arfan Faqih Al Hikam | K15: 6 | L15: Dwi Erinadestari
A16: 7 | B16: Asifa Nariyati | C16: 7 | D16: Angga Rizki Satriya Utama | E16: 7 | F16: Ananda Dhanis Syarifudien | G16: 7 | H16: Bryan Marcanda | I16: 7 | J16: Bilqis Aura Dayinta | K16: 7 | L16: Eka Yuanita Safa
A17: 8 | B17: Calvin Mandala Putra | C17: 8 | D17: Ardiyan Vebri Pratama | E17: 8 | F17: Andra Putra Wahyu Baskara | G17: 8 | H17: Chelsea Felita Matiune | I17: 8 | J17: Chayril Arya Saputra | K17: 8 | L17: Ellisa Adelia Putri
A18: 9 | B18: Decha Rifqoh Alma Dhini | C18: 9 | D18: Aurel Azza Adellia Putri | E18: 9 | F18: Ardhan Restu Pratama | G18: 9 | H18: Dharma Tegar Sathrya | I18: 9 | J18: Dinda Cahya Kirana | K18: 9 | L18: Elsa Adinda Putri
A19: 10 | B19: Fathir Hibatullah Harahap | C19: 10 | D19: Darasti Keyshafa Azumi | E19: 10 | F19: Ardi Setyo Nugroho | G19: 10 | H19: Eza Septian Dinata | I19: 10 | J19: Farhan Safiy Devangga | K19: 10 | L19: Erick Putra Wijaya
A20: 11 | B20: Gendhis Putri Ayreanti | C20: 11 | D20: Dea Resti Lian Dana Sari | E20: 11 | F20: Az Zahra Aulia Rahma | G20: 11 | H20: Hadi Khoirul Anwar | I20: 11 | J20: Herlin Eka Noviana | K20: 11 | L20: Intan Qurrota A'Yun
A21: 12 | B21: Habibi Lazuardi | C21: 12 | D21: Desta Dwi Lestari | E21: 12 | F21: Desti Dwi Wahyuni | G21: 12 | H21: Ica Nur Setyo Anugrah | I21: 12 | J21: Irfan Al Khafidz | K21: 12 | L21: Johan Renaldi
... A39: 30 | B39: Sila Ayu Kurnia | C39: 30 | D39: Syauqi Lazuardi | E39: 30 | F39: Roxy Lantip Afpriba | G39: 30 | H39: Zahfa Zilvilya Putri | I39: 30 | J39: Yanuar Putra Akbar | K39: 30 | L39: Vega Olivia Ramandhani
A40: 31 | B40: Sindhi Nandha Lusia | C40: 31 | D40: Zakya Ninu Azzahra | E40: 31 | F40: Syifa Maulida Zahra | G40: 31 | H40: Zaidan Rafa Prawidi | I40: 31 | K40: 31
A41: 32 | B41: Siti Alfiani | C41: 32 | D41: Zivara Layly Amaratungga | E41: 32 | F41: Virna Meisya Amelia | G41: 32 | I41: 32 | K41: 32
A42: 33 | C42: 33 | E42: 33 | F42: - | G42: 33 | I42: 33 | K42: 33
A43: 34 | C43: 34 | E43: 34 | F43: - | G43: 34 | I43: 34 | K43: 34
A46: URUT DAPODIK
A48: 1 | B48: ARINA ROEIHATUL JINAN | C48: 1 | D48: ADELIA KURNIA AJENG | E48: 1 | F48: AHMAD NASRULLAH | G48: 1 | H48: Adinaya Nurma Isfarahanum | I48: 1 | J48: ACHMAD YUDISTIRA ADI NUGROHO | K48: 1 | L48: AKHMAD SIDIQ MUBAROK
A49: 2 | B49: BIAS IFFAH AMALIYAH PUTRI | C49: 2 | D49: AISYAH NURUL KHASANAH | E49: 2 | F49: ALDIKA ADITYA PRASTYO | G49: 2 | H49: AGENG CAHYA PERMADI | I49: 2 | J49: Alfianti Agustin | K49: 2 | L49: ANANTA GITA SAPUTRA
A50: 3 | B50: DAFA ARIEF SAPUTRA | C50: 3 | D50: ALYA NAJZMA AFI RAMADHANI | E50: 3 | F50: ALDY NUHGROHO | G50: 3 | H50: ANDRIAN HANUNG SAPUTRA | I50: 3 | J50: AMANDA RISFI AYU FEBRIYANTI | K50: 3 | L50: Angelica Gracea Putri
A51: 4 | B51: DANTIKIANI LU'LU'UL JANNAH | C51: 4 | D51: ANANDA MEYLINA | E51: 4 | F51: APRIAN WISNU ADITYAWAN | G51: 4 | H51: AULYA NUR ISTIQOMAH | I51: 4 | J51: ANDREAN RESTU SUGIONO | K51: 4 | L51: ARSHAVIN PUTERA PRASETYO
A52: 5 | B52: DESTHA ALVAZYA | C52: 5 | D52: ANGGIT PUJI HERNITHA | E52: 5 | F52: AVIV WIDI PRATAMA | G52: 5 | H52: CHATERIN DEBORA HANA IVANOVIC | I52: 5 | J52: ASRORIYADI | K52: 5 | L52: ARVINA ANGELIA ANATASYA
A53: 6 | B53: FADHIL PUTRA LESMANA | C53: 6 | D53: ARISFA NAYSILA | E53: 6 | F53: DAVA ISRA RIAWAN | G53: 6 | H53: Daiva Ezar Ardiyanta Hastama | I53: 6 | J53: DANANG ARIS SANJAYA | K53: 6 | L53: AYUDYA NURUL IVA
A54: 7 | B54: Farid Azhar Kurniawan | C54: 7 | D54: ARIYA DHANI SAPUTRA | E54: 7 | F54: DEVITA RIZKY NATASYA | G54: 7 | H54: Dhayen Satya Raka Dikta | I54: 7 | J54: DHIFA RIZQI FEBRIAN | K54: 7 | L54: AZZAHRA PRASETYANINGSIH
A55: 8 | B55: FATIMATUZ ZAHRO | C55: 8 | D55: Azzera Hafiza Sachnas | E55: 8 | F55: DEWISTA AYU TIARA CAHAYANI | G55: 8 | H55: DINDA MEISYA AYU PUTRI | I55: 8 | J55: DIKI CANDRA STIAWAN | K55: 8 | L55: CHIKA MEILA KINANTI
A56: 9 | B56: FIRMAN ZAKARIYA | C56: 9 | D56: BAGAS ALGIAN NATA | E56: 9 | F56: DIKA RAHMAT DANI | G56: 9 | H56: DWI LESTARI | I56: 9 | J56: ERLANGGA SETIAWAN | K56: 9 | L56: CHUSNYNDA INDAH PRATIWI
A57: 10 | B57: FRISKA PRADITA FEBRIYANI | C57: 10 | D57: Damar Alviansyah | E57: 10 | F57: Dita Sekarwati | G57: 10 | H57: ZAKI KELUAR | I57: 10 | J57: FADIL ALI UMAR | K57: 10 | L57: DIMAS ARVIAN SAPUTRA
A58: 11 | B58: GANANG PAMUNGKAS | C58: 11 | D58: DEWA AYU KETUT SAFIAH SALMA | E58: 11 | F58: ELIDA SAZKIA APRIANY | G58: 11 | H58: FADHLI RIJAL | I58: 11 | J58: FANO ANDRIYANTO | K58: 11 | L58: DONA AURELLIA HARYANI
A59: 12 | B59: GANESWARA LINTANG DHAMARJATI | C59: 12 | D59: Dwi Arum Melati | E59: 12 | F59: Elsa Setyo Mangesthi | G59: 12 | H59: Feni Fefi Apriliya | I59: 12 | J59: GENDIS WORO PRAMESTI | K59: 12 | L59: FIRGA DWI RAMADHAN
... A77: 30 | B77: SYAFIQ KHOIRUL AZZAM | C77: 30 | D77: WILDAN NAILUN NIAM | E77: 30 | F77: VIEVIEANE PUJI ASTUTI | G77: 30 | H77: TYA NUR AISYAH | I77: 30 | J77: SHERLY EMILIANA PUTRI | K77: 30 | L77: ULIN NUHA AWALUDIN
A78: 31 | B78: VANESIA NADILA PRAMESTI | C78: 31 | D78: YOVAN PUTRA ANANDA | E78: 31 | F78: YOVIE AGMAR PRASETYA | G78: 31 | H78: VANESSA ANGELINA LOOGIKA PUTRI | I78: 31 | J78: SISKA RAMADHANI | K78: 31
A79: 32 | B79: VE NAFISAH AZZAHRA | C79: 32 | D79: ZUNIA ARTHA SILVANA | E79: 32 | F79: ZEFANA EFELYN AVENA | G79: 32 | H79: VHENDO NOVRIENI SAKTI GUMILANG | I79: 32 | J79: UMI SHABRINA RAHMAWATI | K79: 32
A82: 1 | B82: =IF(B48=B10,"SAMA","TDK SAMA") -> TDK SAMA | C82: 1 | D82: =IF(D48=D10,"SAMA","TDK SAMA") -> TDK SAMA | E82: 1 | F82: =IF(F48=F10,"SAMA","TDK SAMA") -> TDK SAMA | G82: 1 | H82: =IF(H48=H10,"SAMA","TDK SAMA") -> TDK SAMA | I82: 1 | J82: =IF(J48=J10,"SAMA","TDK SAMA") -> TDK SAMA | K82: 1 | L82: =IF(L48=L10,"SAMA","TDK SAMA") -> TDK SAMA
A83: 2 | B83: =IF(B49=B11,"SAMA","TDK SAMA") -> TDK SAMA | C83: 2 | D83: =IF(D49=D11,"SAMA","TDK SAMA") -> TDK SAMA | E83: 2 | F83: =IF(F49=F12,"SAMA","TDK SAMA") -> TDK SAMA | G83: 2 | H83: =IF(H49=H11,"SAMA","TDK SAMA") -> TDK SAMA | I83: 2 | J83: =IF(J49=J11,"SAMA","TDK SAMA") -> TDK SAMA | K83: 2 | L83: =IF(L49=L11,"SAMA","TDK SAMA") -> TDK SAMA
A84: 3 | B84: =IF(B50=B12,"SAMA","TDK SAMA") -> TDK SAMA | C84: 3 | D84: =IF(D50=D12,"SAMA","TDK SAMA") -> TDK SAMA | E84: 3 | F84: =IF(F50=F13,"SAMA","TDK SAMA") -> TDK SAMA | G84: 3 | H84: =IF(H50=H12,"SAMA","TDK SAMA") -> TDK SAMA | I84: 3 | J84: =IF(J50=J12,"SAMA","TDK SAMA") -> TDK SAMA | K84: 3 | L84: =IF(L50=L12,"SAMA","TDK SAMA") -> TDK SAMA
A85: 4 | B85: =IF(B51=B13,"SAMA","TDK SAMA") -> TDK SAMA | C85: 4 | D85: =IF(D51=D13,"SAMA","TDK SAMA") -> TDK SAMA | E85: 4 | F85: =IF(F51=F14,"SAMA","TDK SAMA") -> TDK SAMA | G85: 4 | H85: =IF(H51=H13,"SAMA","TDK SAMA") -> TDK SAMA | I85: 4 | J85: =IF(J51=J13,"SAMA","TDK SAMA") -> TDK SAMA | K85: 4 | L85: =IF(L51=L13,"SAMA","TDK SAMA") -> TDK SAMA
A86: 5 | B86: =IF(B52=B14,"SAMA","TDK SAMA") -> TDK SAMA | C86: 5 | D86: =IF(D52=D14,"SAMA","TDK SAMA") -> TDK SAMA | E86: 5 | F86: =IF(F52=F15,"SAMA","TDK SAMA") -> TDK SAMA | G86: 5 | H86: =IF(H52=H14,"SAMA","TDK SAMA") -> TDK SAMA | I86: 5 | J86: =IF(J52=J14,"SAMA","TDK SAMA") -> TDK SAMA | K86: 5 | L86: =IF(L52=L14,"SAMA","TDK SAMA") -> TDK SAMA
A87: 6 | B87: =IF(B53=B15,"SAMA","TDK SAMA") -> TDK SAMA | C87: 6 | D87: =IF(D53=D15,"SAMA","TDK SAMA") -> TDK SAMA | E87: 6 | F87: =IF(F53=F16,"SAMA","TDK SAMA") -> TDK SAMA | G87: 6 | H87: =IF(H53=H15,"SAMA","TDK SAMA") -> TDK SAMA | I87: 6 | J87: =IF(J53=J15,"SAMA","TDK SAMA") -> TDK SAMA | K87: 6 | L87: =IF(L53=L15,"SAMA","TDK SAMA") -> TDK SAMA
A88: 7 | B88: =IF(B54=B16,"SAMA","TDK SAMA") -> TDK SAMA | C88: 7 | D88: =IF(D54=D16,"SAMA","TDK SAMA") -> TDK SAMA | E88: 7 | F88: =IF(F54=F17,"SAMA","TDK SAMA") -> TDK SAMA | G88: 7 | H88: =IF(H54=H16,"SAMA","TDK SAMA") -> TDK SAMA | I88: 7 | J88: =IF(J54=J16,"SAMA","TDK SAMA") -> TDK SAMA | K88: 7 | L88: =IF(L54=L16,"SAMA","TDK SAMA") -> TDK SAMA
A89: 8 | B89: =IF(B55=B17,"SAMA","TDK SAMA") -> TDK SAMA | C89: 8 | D89: =IF(D55=D17,"SAMA","TDK SAMA") -> TDK SAMA | E89: 8 | F89: =IF(F55=F18,"SAMA","TDK SAMA") -> TDK SAMA | G89: 8 | H89: =IF(H55=H17,"SAMA","TDK SAMA") -> TDK SAMA | I89: 8 | J89: =IF(J55=J17,"SAMA","TDK SAMA") -> TDK SAMA | K89: 8 | L89: =IF(L55=L17,"SAMA","TDK SAMA") -> TDK SAMA
A90: 9 | B90: =IF(B56=B18,"SAMA","TDK SAMA") -> TDK SAMA | C90: 9 | D90: =IF(D56=D18,"SAMA","TDK SAMA") -> TDK SAMA | E90: 9 | F90: =IF(F56=F19,"SAMA","TDK SAMA") -> TDK SAMA | G90: 9 | H90: =IF(H56=H18,"SAMA","TDK SAMA") -> TDK SAMA | I90: 9 | J90: =IF(J56=J18,"SAMA","TDK SAMA") -> TDK SAMA | K90: 9 | L90: =IF(L56=L18,"SAMA","TDK SAMA") -> TDK SAMA
A91: 10 | B91: =IF(B57=B19,"SAMA","TDK SAMA") -> TDK SAMA | C91: 10 | D91: =IF(D57=D19,"SAMA","TDK SAMA") -> TDK SAMA | E91: 10 | F91: =IF(F57=F20,"SAMA","TDK SAMA") -> TDK SAMA | G91: 10 | H91: =IF(H57=H19,"SAMA","TDK SAMA") -> TDK SAMA | I91: 10 | J91: =IF(J57=J19,"SAMA","TDK SAMA") -> TDK SAMA | K91: 10 | L91: =IF(L57=L19,"SAMA","TDK SAMA") -> TDK SAMA
A92: 11 | B92: =IF(B58=B20,"SAMA","TDK SAMA") -> TDK SAMA | C92: 11 | D92: =IF(D58=D20,"SAMA","TDK SAMA") -> TDK SAMA | E92: 11 | F92: =IF(F58=F11,"SAMA","TDK SAMA") -> TDK SAMA | G92: 11 | H92: =IF(H58=H20,"SAMA","TDK SAMA") -> TDK SAMA | I92: 11 | J92: =IF(J58=J20,"SAMA","TDK SAMA") -> TDK SAMA | K92: 11 | L92: =IF(L58=L20,"SAMA","TDK SAMA") -> TDK SAMA
A93: 12 | B93: =IF(B59=B21,"SAMA","TDK SAMA") -> TDK SAMA | C93: 12 | D93: =IF(D59=D21,"SAMA","TDK SAMA") -> TDK SAMA | E93: 12 | F93: =IF(F59=F21,"SAMA","TDK SAMA") -> TDK SAMA | G93: 12 | H93: =IF(H59=H21,"SAMA","TDK SAMA") -> TDK SAMA | I93: 12 | J93: =IF(J59=J21,"SAMA","TDK SAMA") -> TDK SAMA | K93: 12 | L93: =IF(L59=L21,"SAMA","TDK SAMA") -> TDK SAMA
A94: 13 | B94: =IF(B60=B22,"SAMA","TDK SAMA") -> TDK SAMA | C94: 13 | D94: =IF(D60=D22,"SAMA","TDK SAMA") -> TDK SAMA | E94: 13 | F94: =IF(F60=F22,"SAMA","TDK SAMA") -> TDK SAMA | G94: 13 | H94: =IF(H60=H22,"SAMA","TDK SAMA") -> TDK SAMA | I94: 13 | J94: =IF(J60=J22,"SAMA","TDK SAMA") -> TDK SAMA | K94: 13 | L94: =IF(L60=L22,"SAMA","TDK SAMA") -> TDK SAMA
A95: 14 | B95: =IF(B61=B23,"SAMA","TDK SAMA") -> TDK SAMA | C95: 14 | D95: =IF(D61=D23,"SAMA","TDK SAMA") -> TDK SAMA | E95: 14 | F95: =IF(F61=F23,"SAMA","TDK SAMA") -> TDK SAMA | G95: 14 | H95: =IF(H61=H23,"SAMA","TDK SAMA") -> TDK SAMA | I95: 14 | J95: =IF(J61=J23,"SAMA","TDK SAMA") -> TDK SAMA | K95: 14 | L95: =IF(L61=L23,"SAMA","TDK SAMA") -> TDK SAMA
A96: 15 | B96: =IF(B62=B24,"SAMA","TDK SAMA") -> TDK SAMA | C96: 15 | D96: =IF(D62=D24,"SAMA","TDK SAMA") -> TDK SAMA | E96: 15 | F96: =IF(F62=F24,"SAMA","TDK SAMA") -> TDK SAMA | G96: 15 | H96: =IF(H62=H24,"SAMA","TDK SAMA") -> TDK SAMA | I96: 15 | J96: =IF(J62=J24,"SAMA","TDK SAMA") -> TDK SAMA | K96: 15 | L96: =IF(L62=L24,"SAMA","TDK SAMA") -> TDK SAMA
A97: 16 | B97: =IF(B63=B25,"SAMA","TDK SAMA") -> TDK SAMA | C97: 16 | D97: =IF(D63=D25,"SAMA","TDK SAMA") -> TDK SAMA | E97: 16 | F97: =IF(F63=F25,"SAMA","TDK SAMA") -> TDK SAMA | G97: 16 | H97: =IF(H63=H25,"SAMA","TDK SAMA") -> TDK SAMA | I97: 16 | J97: =IF(J63=J25,"SAMA","TDK SAMA") -> TDK SAMA | K97: 16 | L97: =IF(L63=L25,"SAMA","TDK SAMA") -> TDK SAMA
A98: 17 | B98: =IF(B64=B26,"SAMA","TDK SAMA") -> TDK SAMA | C98: 17 | D98: =IF(D64=D26,"SAMA","TDK SAMA") -> TDK SAMA | E98: 17 | F98: =IF(F64=F26,"SAMA","TDK SAMA") -> TDK SAMA | G98: 17 | H98: =IF(H64=H26,"SAMA","TDK SAMA") -> TDK SAMA | I98: 17 | J98: =IF(J64=J26,"SAMA","TDK SAMA") -> TDK SAMA | K98: 17 | L98: =IF(L64=L26,"SAMA","TDK SAMA") -> TDK SAMA
A99: 18 | B99: =IF(B65=B27,"SAMA","TDK SAMA") -> TDK SAMA | C99: 18 | D99: =IF(D65=D27,"SAMA","TDK SAMA") -> TDK SAMA | E99: 18 | F99: =IF(F65=F27,"SAMA","TDK SAMA") -> TDK SAMA | G99: 18 | H99: =IF(H65=H27,"SAMA","TDK SAMA") -> TDK SAMA | I99: 18 | J99: =IF(J65=J27,"SAMA","TDK SAMA") -> TDK SAMA | K99: 18 | L99: =IF(L65=L27,"SAMA","TDK SAMA") -> TDK SAMA
A100: 19 | B100: =IF(B66=B28,"SAMA","TDK SAMA") -> TDK SAMA | C100: 19 | D100: =IF(D66=D28,"SAMA","TDK SAMA") -> TDK SAMA | E100: 19 | F100: =IF(F66=F28,"SAMA","TDK SAMA") -> TDK SAMA | G100: 19 | H100: =IF(H66=H28,"SAMA","TDK SAMA") -> TDK SAMA | I100: 19 | J100: =IF(J66=J28,"SAMA","TDK SAMA") -> TDK SAMA | K100: 19 | L100: =IF(L66=L28,"SAMA","TDK SAMA") -> TDK SAMA
A101: 20 | B101: =IF(B67=B29,"SAMA","TDK SAMA") -> TDK SAMA | C101: 20 | D101: =IF(D67=D29,"SAMA","TDK SAMA") -> TDK SAMA | E101: 20 | F101: =IF(F67=F29,"SAMA","TDK SAMA") -> TDK SAMA | G101: 20 | H101: =IF(H67=H29,"SAMA","TDK SAMA") -> TDK SAMA | I101: 20 | J101: =IF(J67=J29,"SAMA","TDK SAMA") -> TDK SAMA | K101: 20 | L101: =IF(L67=L29,"SAMA","TDK SAMA") -> TDK SAMA
A102: 21 | B102: =IF(B68=B30,"SAMA","TDK SAMA") -> TDK SAMA | C102: 21 | D102: =IF(D68=D30,"SAMA","TDK SAMA") -> TDK SAMA | E102: 21 | F102: =IF(F68=F30,"SAMA","TDK SAMA") -> TDK SAMA | G102: 21 | H102: =IF(H68=H30,"SAMA","TDK SAMA") -> TDK SAMA | I102: 21 | J102: =IF(J68=J30,"SAMA","TDK SAMA") -> TDK SAMA | K102: 21 | L102: =IF(L68=L30,"SAMA","TDK SAMA") -> TDK SAMA
A103: 22 | B103: =IF(B69=B31,"SAMA","TDK SAMA") -> TDK SAMA | C103: 22 | D103: =IF(D69=D31,"SAMA","TDK SAMA") -> TDK SAMA | E103: 22 | F103: =IF(F69=F31,"SAMA","TDK SAMA") -> TDK SAMA | G103: 22 | H103: =IF(H69=H31,"SAMA","TDK SAMA") -> TDK SAMA | I103: 22 | J103: =IF(J69=J31,"SAMA","TDK SAMA") -> TDK SAMA | K103: 22 | L103: =IF(L69=L31,"SAMA","TDK SAMA") -> TDK SAMA
A104: 23 | B104: =IF(B70=B32,"SAMA","TDK SAMA") -> TDK SAMA | C104: 23 | D104: =IF(D70=D32,"SAMA","TDK SAMA") -> TDK SAMA | E104: 23 | F104: =IF(F70=F32,"SAMA","TDK SAMA") -> TDK SAMA | G104: 23 | H104: =IF(H70=H32,"SAMA","TDK SAMA") -> TDK SAMA | I104: 23 | J104: =IF(J70=J32,"SAMA","TDK SAMA") -> TDK SAMA | K104: 23 | L104: =IF(L70=L32,"SAMA","TDK SAMA") -> TDK SAMA
... A113: 32 | B113: =IF(B79=B41,"SAMA","TDK SAMA") -> TDK SAMA | C113: 32 | D113: =IF(D79=D41,"SAMA","TDK SAMA") -> TDK SAMA | E113: 32 | F113: =IF(F79=F41,"SAMA","TDK SAMA") -> TDK SAMA | G113: 32 | H113: =IF(H79=H41,"SAMA","TDK SAMA") -> TDK SAMA | I113: 32 | J113: =IF(J79=J41,"SAMA","TDK SAMA") -> TDK SAMA | K113: 32 | L113: =IF(L79=L41,"SAMA","TDK SAMA") -> SAMA

Sheet UH1
A1: ANALISA HASIL PH MATEMATIKA KLS IX SMT GENAP | Q1: PROGRAM DAN PELAKSANAAN
A2: SMP I LIMBANGAN TH 2025/2026 | Q2: PERBAIKAN / PENGAYAAN
A4: KLS | C4: =DATA!B8 -> 9A | D4: PH ke : | F4: 1 | I4: Tanggal : | K4: 45877 | M4: SK no : | N4: =F4 -> 1 | Q4: Waktu pelaksanaan : | R4: =K4+7 -> 45884
C5: No Soal | D5: 1 | E5: 2 | F5: 3 | G5: 4 | H5: 5 | I5: JUM | J5: % | K5: KETUN | L5: NILAI | M5: KETERANGAN | R5: HASIL
A6: NO | B6: NIS | C6: Scor | D6: 30 | E6: 40 | F6: 30 | I6: =SUM(D6:H6) -> 100 | J6: Keter | K6: TASAN | L6: SETLH | Q6: NAMA | R6: PERBK | S6: URAIAN PROGRAM
C7: NAMA | J7: capaian | L7: PERBKN | R7: PGYAAN
A8: 1 | C8: =DATA!B10 -> Affan Bagus Ramadhani | D8: 10 | I8: =SUM(D8:H8) -> 10 | J8: =I8 -> 10 | K8: =IF(J8<$N$10,"tdk tuntas","tuntas") -> tdk tuntas | L8: =IF(J8<=39.9,"80",IF(J8<=59.9,"81",IF(J8<=69.9,"82",IF(J8<=74.9,"83",IF(J8<=78.9,"84",IF(J8<=78.9,"85",IF(J8>=78.9,J8," "))))))) -> 80 | Q8: =C8 -> Affan Bagus Ramadhani | R8: =IF(I8<$N$10,"80","") -> 80
A9: 2 | C9: =DATA!B11 -> Affansa Rayya Assalafi | D9: 20 | I9: =SUM(D9:H9) -> 20 | J9: =I9 -> 20 | K9: =IF(J9<$N$10,"tdk tuntas","tuntas") -> tdk tuntas | L9: =IF(J9<=39.9,"80",IF(J9<=59.9,"81",IF(J9<=69.9,"82",IF(J9<=74.9,"83",IF(J9<=78.9,"84",IF(J9<=78.9,"85",IF(J9>=78.9,J9," "))))))) -> 80 | Q9: =C9 -> Affansa Rayya Assalafi | R9: =IF(I9<$N$10,"81","") -> 81 | S9: PERBAIKAN
A10: 3 | C10: =DATA!B12 -> Agel Fransiska | D10: 50 | I10: =SUM(D10:H10) -> 50 | J10: =I10 -> 50 | K10: =IF(J10<$N$10,"tdk tuntas","tuntas") -> tdk tuntas | L10: =IF(J10<=39.9,"80",IF(J10<=59.9,"81",IF(J10<=69.9,"82",IF(J10<=74.9,"83",IF(J10<=78.9,"84",IF(J10<=78.9,"85",IF(J10>=78.9,J10," "))))))) -> 81 | M10: KKM | N10: =DATA!F4 -> 80 | Q10: =C10 -> Agel Fransiska | R10: =IF(I10<$N$10,"81","") -> 81
A11: 4 | C11: =DATA!B13 -> Alfin Putra Firmansyah | D11: 60 | I11: =SUM(D11:H11) -> 60 | J11: =I11 -> 60 | K11: =IF(J11<$N$10,"tdk tuntas","tuntas") -> tdk tuntas | L11: =IF(J11<=39.9,"80",IF(J11<=59.9,"81",IF(J11<=69.9,"82",IF(J11<=74.9,"83",IF(J11<=78.9,"84",IF(J11<=78.9,"85",IF(J11>=78.9,J11," "))))))) -> 82 | Q11: =C11 -> Alfin Putra Firmansyah | R11: =IF(I11<$N$10,"84","") -> 84 | T11: Membuat rangkuman
A12: 5 | C12: =DATA!B14 -> Almira Sadia Qonitah | D12: 80 | I12: =SUM(D12:H12) -> 80 | J12: =I12 -> 80 | K12: =IF(J12<$N$10,"tdk tuntas","tuntas") -> tuntas | L12: =IF(J12<=39.9,"80",IF(J12<=59.9,"81",IF(J12<=69.9,"82",IF(J12<=74.9,"83",IF(J12<=78.9,"84",IF(J12<=78.9,"85",IF(J12>=78.9,J12," "))))))) -> 80 | Q12: =C12 -> Almira Sadia Qonitah | R12: =IF(I12<$N$10,"87","") | T12: Menbuat soal
A13: 6 | C13: =DATA!B15 -> Arif Perdana Putra | D13: 0 | I13: =SUM(D13:H13) -> 0 | J13: =I13 -> 0 | K13: =IF(J13<$N$10,"tdk tuntas","tuntas") -> tdk tuntas | L13: =IF(J13<=39.9,"80",IF(J13<=59.9,"81",IF(J13<=69.9,"82",IF(J13<=74.9,"83",IF(J13<=78.9,"84",IF(J13<=78.9,"85",IF(J13>=78.9,J13," "))))))) -> 80 | M13: Hasil Analisa | Q13: =C13 -> Arif Perdana Putra | R13: =IF(I13<$N$10,"82","") -> 82 | T13: dan penyelesaiannya
A14: 7 | C14: =DATA!B16 -> Asifa Nariyati | D14: 30 | I14: =SUM(D14:H14) -> 30 | J14: =I14 -> 30 | K14: =IF(J14<$N$10,"tdk tuntas","tuntas") -> tdk tuntas | L14: =IF(J14<=39.9,"80",IF(J14<=59.9,"81",IF(J14<=69.9,"82",IF(J14<=74.9,"83",IF(J14<=78.9,"84",IF(J14<=78.9,"85",IF(J14>=78.9,J14," "))))))) -> 80 | Q14: =C14 -> Asifa Nariyati | R14: =IF(I14<$N$10,"80","") -> 80 | S14: V | T14: Mengerjakan soal
A15: 8 | C15: =DATA!B17 -> Calvin Mandala Putra | D15: 30 | I15: =SUM(D15:H15) -> 30 | J15: =I15 -> 30 | K15: =IF(J15<$N$10,"tdk tuntas","tuntas") -> tdk tuntas | L15: =IF(J15<=39.9,"80",IF(J15<=59.9,"81",IF(J15<=69.9,"82",IF(J15<=74.9,"83",IF(J15<=78.9,"84",IF(J15<=78.9,"85",IF(J15>=78.9,J15," "))))))) -> 80 | M15: a. Tuntas Klasikal | Q15: =C15 -> Calvin Mandala Putra | R15: =IF(I15<$N$10,"84","") -> 84 | T15: dengan bobot sama
A16: 9 | C16: =DATA!B18 -> Decha Rifqoh Alma Dhini | D16: 30 | I16: =SUM(D16:H16) -> 30 | J16: =I16 -> 30 | K16: =IF(J16<$N$10,"tdk tuntas","tuntas") -> tdk tuntas | L16: =IF(J16<=39.9,"80",IF(J16<=59.9,"81",IF(J16<=69.9,"82",IF(J16<=74.9,"83",IF(J16<=78.9,"84",IF(J16<=78.9,"85",IF(J16>=78.9,J16," "))))))) -> 80 | Q16: =C16 -> Decha Rifqoh Alma Dhini | R16: =IF(I16<$N$10,"88","") -> 88
A17: 10 | C17: =DATA!B19 -> Fathir Hibatullah Harahap | D17: 0 | I17: =SUM(D17:H17) -> 0 | J17: =I17 -> 0 | K17: =IF(J17<$N$10,"tdk tuntas","tuntas") -> tdk tuntas | L17: =IF(J17<=39.9,"80",IF(J17<=59.9,"81",IF(J17<=69.9,"82",IF(J17<=74.9,"83",IF(J17<=78.9,"84",IF(J17<=78.9,"85",IF(J17>=78.9,J17," "))))))) -> 80 | Q17: =C17 -> Fathir Hibatullah Harahap | R17: =IF(I17<$N$10,"85","") -> 85 | S17: PENGAYAAN
A18: 11 | C18: =DATA!B20 -> Gendhis Putri Ayreanti | D18: 40 | I18: =SUM(D18:H18) -> 40 | J18: =I18 -> 40 | K18: =IF(J18<$N$10,"tdk tuntas","tuntas") -> tdk tuntas | L18: =IF(J18<=39.9,"80",IF(J18<=59.9,"81",IF(J18<=69.9,"82",IF(J18<=74.9,"83",IF(J18<=78.9,"84",IF(J18<=78.9,"85",IF(J18>=78.9,J18," "))))))) -> 81 | Q18: =C18 -> Gendhis Putri Ayreanti | R18: =IF(I18<$N$10,"85","") -> 85
A19: 12 | C19: =DATA!B21 -> Habibi Lazuardi | D19: 90 | I19: =SUM(D19:H19) -> 90 | J19: =I19 -> 90 | K19: =IF(J19<$N$10,"tdk tuntas","tuntas") -> tuntas | L19: =IF(J19<=39.9,"80",IF(J19<=59.9,"81",IF(J19<=69.9,"82",IF(J19<=74.9,"83",IF(J19<=78.9,"84",IF(J19<=78.9,"85",IF(J19>=78.9,J19," "))))))) -> 90 | M19: Banyak siswa seluruhnya | N19: =K46 -> 32 | Q19: =C19 -> Habibi Lazuardi | R19: =IF(I19<$N$10,"85","") | S19: V | T19: Menyelesaikan soal soal
A20: 13 | C20: =DATA!B22 -> Herina Sasha Rasati | D20: 0 | I20: =SUM(D20:H20) -> 0 | J20: =I20 -> 0 | K20: =IF(J20<$N$10,"tdk tuntas","tuntas") -> tdk tuntas | L20: =IF(J20<=39.9,"80",IF(J20<=59.9,"81",IF(J20<=69.9,"82",IF(J20<=74.9,"83",IF(J20<=78.9,"84",IF(J20<=78.9,"85",IF(J20>=78.9,J20," "))))))) -> 80 | M20: Banyak siswa yg tuntas | N20: =K44 -> 8 | Q20: =C20 -> Herina Sasha Rasati | R20: =IF(I20<$N$10,"85","") -> 85 | T20: pengayaan
A21: 14 | C21: =DATA!B23 -> Ivan Adi Saputra | D21: 10 | I21: =SUM(D21:H21) -> 10 | J21: =I21 -> 10 | K21: =IF(J21<$N$10,"tdk tuntas","tuntas") -> tdk tuntas | L21: =IF(J21<=39.9,"80",IF(J21<=59.9,"81",IF(J21<=69.9,"82",IF(J21<=74.9,"83",IF(J21<=78.9,"84",IF(J21<=78.9,"85",IF(J21>=78.9,J21," "))))))) -> 80 | M21: Prosentase ketuntasan | N21: =N20/N19*100 -> 25 | O21: % | Q21: =C21 -> Ivan Adi Saputra | R21: =IF(I21<$N$10,"85","") -> 85 | T21: Mempelajari materi / KD
A22: 15 | C22: =DATA!B24 -> Ivander Veda Ardyanta | D22: 90 | I22: =SUM(D22:H22) -> 90 | J22: =I22 -> 90 | K22: =IF(J22<$N$10,"tdk tuntas","tuntas") -> tuntas | L22: =IF(J22<=39.9,"80",IF(J22<=59.9,"81",IF(J22<=69.9,"82",IF(J22<=74.9,"83",IF(J22<=78.9,"84",IF(J22<=78.9,"85",IF(J22>=78.9,J22," "))))))) -> 90 | Q22: =C22 -> Ivander Veda Ardyanta | R22: =IF(I22<$N$10,"85","") | T22: berikutnya
A23: 16 | C23: =DATA!B25 -> Keysa Lutfi Yana Putri | D23: 0 | I23: =SUM(D23:H23) -> 0 | J23: =I23 -> 0 | K23: =IF(J23<$N$10,"tdk tuntas","tuntas") -> tdk tuntas | L23: =IF(J23<=39.9,"80",IF(J23<=59.9,"81",IF(J23<=69.9,"82",IF(J23<=74.9,"83",IF(J23<=78.9,"84",IF(J23<=78.9,"85",IF(J23>=78.9,J23," "))))))) -> 80 | M23: b. Tuntas Individu | Q23: =C23 -> Keysa Lutfi Yana Putri | R23: =IF(I23<$N$10,"84","") -> 84
A24: 17 | C24: =DATA!B26 -> Khanaya Putri Emeyliana | D24: 10 | I24: =SUM(D24:H24) -> 10 | J24: =I24 -> 10 | K24: =IF(J24<$N$10,"tdk tuntas","tuntas") -> tdk tuntas | L24: =IF(J24<=39.9,"80",IF(J24<=59.9,"81",IF(J24<=69.9,"82",IF(J24<=74.9,"83",IF(J24<=78.9,"84",IF(J24<=78.9,"85",IF(J24>=78.9,J24," "))))))) -> 80 | Q24: =C24 -> Khanaya Putri Emeyliana | R24: =IF(I24<$N$10,"82","") -> 82 | T24: Guru Mata Pelajaran
A25: 18 | C25: =DATA!B27 -> Khoirul Rodzikin | D25: 30 | I25: =SUM(D25:H25) -> 30 | J25: =I25 -> 30 | K25: =IF(J25<$N$10,"tdk tuntas","tuntas") -> tdk tuntas | L25: =IF(J25<=39.9,"80",IF(J25<=59.9,"81",IF(J25<=69.9,"82",IF(J25<=74.9,"83",IF(J25<=78.9,"84",IF(J25<=78.9,"85",IF(J25>=78.9,J25," "))))))) -> 80 | Q25: =C25 -> Khoirul Rodzikin | R25: =IF(I25<$N$10,"82","") -> 82
A26: 19 | C26: =DATA!B28 -> Livia Mozavina | D26: 50 | I26: =SUM(D26:H26) -> 50 | J26: =I26 -> 50 | K26: =IF(J26<$N$10,"tdk tuntas","tuntas") -> tdk tuntas | L26: =IF(J26<=39.9,"80",IF(J26<=59.9,"81",IF(J26<=69.9,"82",IF(J26<=74.9,"83",IF(J26<=78.9,"84",IF(J26<=78.9,"85",IF(J26>=78.9,J26," "))))))) -> 81 | Q26: =C26 -> Livia Mozavina | R26: =IF(I26<$N$10,"82","") -> 82
A27: 20 | C27: =DATA!B29 -> Milatul Ulya Azzahra | D27: 100 | I27: =SUM(D27:H27) -> 100 | J27: =I27 -> 100 | K27: =IF(J27<$N$10,"tdk tuntas","tuntas") -> tuntas | L27: =IF(J27<=39.9,"80",IF(J27<=59.9,"81",IF(J27<=69.9,"82",IF(J27<=74.9,"83",IF(J27<=78.9,"84",IF(J27<=78.9,"85",IF(J27>=78.9,J27," "))))))) -> 100 | M27: Juml nilai perolehan sw | N27: =I44 -> 1340 | Q27: =C27 -> Milatul Ulya Azzahra | R27: =IF(I27<$N$10,"82","")
A28: 21 | C28: =DATA!B30 -> Muhammad Arif Pratama | D28: 0 | I28: =SUM(D28:H28) -> 0 | J28: =I28 -> 0 | K28: =IF(J28<$N$10,"tdk tuntas","tuntas") -> tdk tuntas | L28: =IF(J28<=39.9,"80",IF(J28<=59.9,"81",IF(J28<=69.9,"82",IF(J28<=74.9,"83",IF(J28<=78.9,"84",IF(J28<=78.9,"85",IF(J28>=78.9,J28," "))))))) -> 80 | M28: Juml nili seluruhnya | N28: =I45 -> 3200 | Q28: =C28 -> Muhammad Arif Pratama | R28: =IF(I28<$N$10,"82","") -> 82 | T28: =DATA!B3 -> KASMIN, S.Pd
A29: 22 | C29: =DATA!B31 -> Muhammad Fahri Khoirudin | D29: 60 | I29: =SUM(D29:H29) -> 60 | J29: =I29 -> 60 | K29: =IF(J29<$N$10,"tdk tuntas","tuntas") -> tdk tuntas | L29: =IF(J29<=39.9,"80",IF(J29<=59.9,"81",IF(J29<=69.9,"82",IF(J29<=74.9,"83",IF(J29<=78.9,"84",IF(J29<=78.9,"85",IF(J29>=78.9,J29," "))))))) -> 82 | M29: Prosentase ketuntasan | N29: =N27/N28*100 -> 41.875 | O29: % | Q29: =C29 -> Muhammad Fahri Khoirudin | R29: =IF(I29<$N$10,"82","") -> 82 | T29: =DATA!B4 -> NIP : 196609141990031007
A30: 23 | C30: =DATA!B32 -> Muhammad Rakha Razansyah | D30: 100 | I30: =SUM(D30:H30) -> 100 | J30: =I30 -> 100 | K30: =IF(J30<$N$10,"tdk tuntas","tuntas") -> tuntas | L30: =IF(J30<=39.9,"80",IF(J30<=59.9,"81",IF(J30<=69.9,"82",IF(J30<=74.9,"83",IF(J30<=78.9,"84",IF(J30<=78.9,"85",IF(J30>=78.9,J30," "))))))) -> 100 | Q30: =C30 -> Muhammad Rakha Razansyah | R30: =IF(I30<$N$10,"82","")
A31: 24 | C31: =DATA!B33 -> Mutiara Dewi Khusna | D31: 60 | I31: =SUM(D31:H31) -> 60 | J31: =I31 -> 60 | K31: =IF(J31<$N$10,"tdk tuntas","tuntas") -> tdk tuntas | L31: =IF(J31<=39.9,"80",IF(J31<=59.9,"81",IF(J31<=69.9,"82",IF(J31<=74.9,"83",IF(J31<=78.9,"84",IF(J31<=78.9,"85",IF(J31>=78.9,J31," "))))))) -> 82 | Q31: =C31 -> Mutiara Dewi Khusna | R31: =IF(I31<$N$10,"85","") -> 85 | T31: Kepala Sekolah
A32: 25 | C32: =DATA!B34 -> Qeysya Nabila Maharani | D32: 70 | I32: =SUM(D32:H32) -> 70 | J32: =I32 -> 70 | K32: =IF(J32<$N$10,"tdk tuntas","tuntas") -> tdk tuntas | L32: =IF(J32<=39.9,"80",IF(J32<=59.9,"81",IF(J32<=69.9,"82",IF(J32<=74.9,"83",IF(J32<=78.9,"84",IF(J32<=78.9,"85",IF(J32>=78.9,J32," "))))))) -> 83 | M32: Daya serap klasikal : | Q32: =C32 -> Qeysya Nabila Maharani | R32: =IF(I32<$N$10,"81","") -> 81
A33: 26 | C33: =DATA!B35 -> Raihan Akbar Ramadhan | D33: 0 | I33: =SUM(D33:H33) -> 0 | J33: =I33 -> 0 | K33: =IF(J33<$N$10,"tdk tuntas","tuntas") -> tdk tuntas | L33: =IF(J33<=39.9,"80",IF(J33<=59.9,"81",IF(J33<=69.9,"82",IF(J33<=74.9,"83",IF(J33<=78.9,"84",IF(J33<=78.9,"85",IF(J33>=78.9,J33," "))))))) -> 80 | M33: Suatu kls dinytkn tuntas | Q33: =C33 -> Raihan Akbar Ramadhan | R33: =IF(I33<$N$10,"82","") -> 82
A34: 27 | C34: =DATA!B36 -> Ramadhani | D34: 10 | I34: =SUM(D34:H34) -> 10 | J34: =I34 -> 10 | K34: =IF(J34<$N$10,"tdk tuntas","tuntas") -> tdk tuntas | L34: =IF(J34<=39.9,"80",IF(J34<=59.9,"81",IF(J34<=69.9,"82",IF(J34<=74.9,"83",IF(J34<=78.9,"84",IF(J34<=78.9,"85",IF(J34>=78.9,J34," "))))))) -> 80 | M34: banyak siswa tts ≥ 85% | Q34: =C34 -> Ramadhani | R34: =IF(I34<$N$10,"82","") -> 82
A35: 28 | C35: =DATA!B37 -> Rangga Putra Raditya | D35: 20 | I35: =SUM(D35:H35) -> 20 | J35: =I35 -> 20 | K35: =IF(J35<$N$10,"tdk tuntas","tuntas") -> tdk tuntas | L35: =IF(J35<=39.9,"80",IF(J35<=59.9,"81",IF(J35<=69.9,"82",IF(J35<=74.9,"83",IF(J35<=78.9,"84",IF(J35<=78.9,"85",IF(J35>=78.9,J35," "))))))) -> 80 | Q35: =C35 -> Rangga Putra Raditya | R35: =IF(I35<$N$10,"81","") -> 81
A36: 29 | C36: =DATA!B38 -> Safa Nasila Anajwa | D36: 100 | I36: =SUM(D36:H36) -> 100 | J36: =I36 -> 100 | K36: =IF(J36<$N$10,"tdk tuntas","tuntas") -> tuntas | L36: =IF(J36<=39.9,"80",IF(J36<=59.9,"81",IF(J36<=69.9,"82",IF(J36<=74.9,"83",IF(J36<=78.9,"84",IF(J36<=78.9,"85",IF(J36>=78.9,J36," "))))))) -> 100 | Q36: =C36 -> Safa Nasila Anajwa | R36: =IF(I36<$N$10,"85","")
A37: 30 | C37: =DATA!B39 -> Sila Ayu Kurnia | D37: 90 | I37: =SUM(D37:H37) -> 90 | J37: =I37 -> 90 | K37: =IF(J37<$N$10,"tdk tuntas","tuntas") -> tuntas | L37: =IF(J37<=39.9,"80",IF(J37<=59.9,"81",IF(J37<=69.9,"82",IF(J37<=74.9,"83",IF(J37<=78.9,"84",IF(J37<=78.9,"85",IF(J37>=78.9,J37," "))))))) -> 90 | Q37: =C37 -> Sila Ayu Kurnia | R37: =IF(I37<$N$10,"84","") | T37: =DATA!D3 -> Dra. BAROKAH GUNIARTI
A38: 31 | C38: =DATA!B40 -> Sindhi Nandha Lusia | D38: 0 | I38: =SUM(D38:H38) -> 0 | J38: =I38 -> 0 | K38: =IF(J38<$N$10,"tdk tuntas","tuntas") -> tdk tuntas | L38: =IF(J38<=39.9,"80",IF(J38<=59.9,"81",IF(J38<=69.9,"82",IF(J38<=74.9,"83",IF(J38<=78.9,"84",IF(J38<=78.9,"85",IF(J38>=78.9,J38," "))))))) -> 80 | M38: Kesimpulan : | Q38: =C38 -> Sindhi Nandha Lusia | R38: =IF(I38<$N$10,"84","") -> 84 | T38: =DATA!D4 -> NIP : 196901081996122004
A39: 32 | C39: =DATA!B41 -> Siti Alfiani | D39: 100 | I39: =SUM(D39:H39) -> 100 | J39: =I39 -> 100 | K39: =IF(J39<$N$10,"tdk tuntas","tuntas") -> tuntas | L39: =IF(J39<=39.9,"80",IF(J39<=59.9,"81",IF(J39<=69.9,"82",IF(J39<=74.9,"83",IF(J39<=78.9,"84",IF(J39<=78.9,"85",IF(J39>=78.9,J39," "))))))) -> 100
A40: 33 | L40: =IF(J40<=39.9,"80",IF(J40<=59.9,"81",IF(J40<=69.9,"82",IF(J40<=74.9,"83",IF(J40<=78.9,"84",IF(J40<=78.9,"85",IF(J40>=78.9,J40," "))))))) -> 80 | M40: Perlu perbaikan siswa-siswa
A41: 34 | M41: yang nilainya kurang dari | N41: =N10 -> 80
A42: 35 | M42: atau yang tidak tuntas
A43: Rataan | I43: =AVERAGE(I8:I42) -> 41.875 | R43: =C4 -> 9A
A44: Jumlah scor | D44: =SUM(D8:D42) -> 1340 | E44: =SUM(E8:E42) -> 0 | F44: =SUM(F8:F42) -> 0 | G44: =SUM(G8:G42) -> 0 | I44: =SUM(D44:H44) -> 1340 | J44: tuntas | K44: =COUNTIF(K8:K42,J44) -> 8 | M44: Perlu perbkn klasikal
A45: Scor maksimum | D45: =D6*K46 -> 960 | E45: =E6*K46 -> 1280 | F45: =F6*K46 -> 960 | G45: =G6*K46 -> 0 | I45: =SUM(D45:H45) -> 3200 | J45: tdk tuntas | K45: =COUNTIF(K8:K42,J45) -> 24 | M45: soal nomor
A46: Prosentase Pencapaian | D46: =D44/D45*100 -> 139.58333 | E46: =E44/E45*100 -> 0 | F46: =F44/F45*100 -> 0 | G46: =G44/G45*100 -> #DIV/0! | I46: =I44/I45*100 -> 41.875 | J46: Juml | K46: =SUM(K44:K45) -> 32
A48: =A1 -> ANALISA HASIL PH MATEMATIKA KLS IX SMT GENAP | Q48: PROGRAM DAN PELAKSANAAN
A49: =A2 -> SMP I LIMBANGAN TH 2025/2026 | Q49: PERBAIKAN / PENGAYAAN
A51: KLS | C51: =DATA!D8 -> 9B | D51: PH ke : | F51: =F4 -> 1 | I51: Tanggal : | K51: 45875 | M51: SK no : | N51: =N4 -> 1 | Q51: Waktu pelaksanaan : | R51: =K51+7 -> 45882
C52: No Soal | D52: 1 | E52: 2 | F52: 3 | G52: 4 | H52: 5 | I52: JUM | J52: % | K52: KETUN | L52: NILAI | M52: KETERANGAN | R52: HASIL
A53: NO | B53: NIS | C53: Scor | D53: =D6 -> 30 | E53: =E6 -> 40 | F53: =F6 -> 30 | G53: =G6 -> 0 | H53: =H6 -> 0 | I53: =SUM(D53:H53) -> 100 | J53: Keter | K53: TASAN | L53: SETLH | Q53: NAMA | R53: PERBK | S53: URAIAN PROGRAM
C54: NAMA | J54: capaian | L54: PERBKN | R54: PGYAAN
A55: 1 | C55: =DATA!D10 -> Abid Lionel Abdillah | D55: 100 | I55: =SUM(D55:H55) -> 100 | J55: =I55 -> 100 | K55: =IF(J55<$N$10,"tdk tuntas","tuntas") -> tuntas | L55: =IF(J55<=39.9,"80",IF(J55<=59.9,"81",IF(J55<=69.9,"82",IF(J55<=74.9,"83",IF(J55<=78.9,"84",IF(J55<=78.9,"85",IF(J55>=78.9,J55," "))))))) -> 100 | Q55: =C55 -> Abid Lionel Abdillah | R55: =IF(I55<$N$10,"80","")
A56: 2 | C56: =DATA!D11 -> Aditria Bintang Mustofa | D56: 0 | I56: =SUM(D56:H56) -> 0 | J56: =I56 -> 0 | K56: =IF(J56<$N$10,"tdk tuntas","tuntas") -> tdk tuntas | L56: =IF(J56<=39.9,"80",IF(J56<=59.9,"81",IF(J56<=69.9,"82",IF(J56<=74.9,"83",IF(J56<=78.9,"84",IF(J56<=78.9,"85",IF(J56>=78.9,J56," "))))))) -> 80 | Q56: =C56 -> Aditria Bintang Mustofa | R56: =IF(I56<$N$10,"81","") -> 81 | S56: PERBAIKAN
A57: 3 | C57: =DATA!D12 -> Agni Wulan Pramesti | D57: 100 | I57: =SUM(D57:H57) -> 100 | J57: =I57 -> 100 | K57: =IF(J57<$N$10,"tdk tuntas","tuntas") -> tuntas | L57: =IF(J57<=39.9,"80",IF(J57<=59.9,"81",IF(J57<=69.9,"82",IF(J57<=74.9,"83",IF(J57<=78.9,"84",IF(J57<=78.9,"85",IF(J57>=78.9,J57," "))))))) -> 100 | M57: KKM | N57: =N10 -> 80 | Q57: =C57 -> Agni Wulan Pramesti | R57: =IF(I57<$N$10,"81","")
A58: 4 | C58: =DATA!D13 -> Ahmad Irfan Annadif | D58: 50 | I58: =SUM(D58:H58) -> 50 | J58: =I58 -> 50 | K58: =IF(J58<$N$10,"tdk tuntas","tuntas") -> tdk tuntas | L58: =IF(J58<=39.9,"80",IF(J58<=59.9,"81",IF(J58<=69.9,"82",IF(J58<=74.9,"83",IF(J58<=78.9,"84",IF(J58<=78.9,"85",IF(J58>=78.9,J58," "))))))) -> 81 | Q58: =C58 -> Ahmad Irfan Annadif | R58: =IF(I58<$N$10,"84","") -> 84 | T58: Membuat rangkuman
A59: 5 | C59: =DATA!D14 -> Alesha Najwa Adelia | D59: 0 | I59: =SUM(D59:H59) -> 0 | J59: =I59 -> 0 | K59: =IF(J59<$N$10,"tdk tuntas","tuntas") -> tdk tuntas | L59: =IF(J59<=39.9,"80",IF(J59<=59.9,"81",IF(J59<=69.9,"82",IF(J59<=74.9,"83",IF(J59<=78.9,"84",IF(J59<=78.9,"85",IF(J59>=78.9,J59," "))))))) -> 80 | Q59: =C59 -> Alesha Najwa Adelia | R59: =IF(I59<$N$10,"87","") -> 87 | T59: Menbuat soal
A60: 6 | C60: =DATA!D15 -> Ana Kharisma Wardani | D60: 0 | I60: =SUM(D60:H60) -> 0 | J60: =I60 -> 0 | K60: =IF(J60<$N$10,"tdk tuntas","tuntas") -> tdk tuntas | L60: =IF(J60<=39.9,"80",IF(J60<=59.9,"81",IF(J60<=69.9,"82",IF(J60<=74.9,"83",IF(J60<=78.9,"84",IF(J60<=78.9,"85",IF(J60>=78.9,J60," "))))))) -> 80 | M60: Hasil Analisa | Q60: =C60 -> Ana Kharisma Wardani | R60: =IF(I60<$N$10,"82","") -> 82 | T60: dan penyelesaiannya
A61: 7 | C61: =DATA!D16 -> Angga Rizki Satriya Utama | D61: 0 | I61: =SUM(D61:H61) -> 0 | J61: =I61 -> 0 | K61: =IF(J61<$N$10,"tdk tuntas","tuntas") -> tdk tuntas | L61: =IF(J61<=39.9,"80",IF(J61<=59.9,"81",IF(J61<=69.9,"82",IF(J61<=74.9,"83",IF(J61<=78.9,"84",IF(J61<=78.9,"85",IF(J61>=78.9,J61," "))))))) -> 80 | Q61: =C61 -> Angga Rizki Satriya Utama | R61: =IF(I61<$N$10,"80","") -> 80 | S61: V | T61: Mengerjakan soal
A62: 8 | C62: =DATA!D17 -> Ardiyan Vebri Pratama | D62: 0 | I62: =SUM(D62:H62) -> 0 | J62: =I62 -> 0 | K62: =IF(J62<$N$10,"tdk tuntas","tuntas") -> tdk tuntas | L62: =IF(J62<=39.9,"80",IF(J62<=59.9,"81",IF(J62<=69.9,"82",IF(J62<=74.9,"83",IF(J62<=78.9,"84",IF(J62<=78.9,"85",IF(J62>=78.9,J62," "))))))) -> 80 | M62: a. Tuntas Klasikal | Q62: =C62 -> Ardiyan Vebri Pratama | R62: =IF(I62<$N$10,"84","") -> 84 | T62: dengan bobot sama
A63: 9 | C63: =DATA!D18 -> Aurel Azza Adellia Putri | D63: 100 | I63: =SUM(D63:H63) -> 100 | J63: =I63 -> 100 | K63: =IF(J63<$N$10,"tdk tuntas","tuntas") -> tuntas | L63: =IF(J63<=39.9,"80",IF(J63<=59.9,"81",IF(J63<=69.9,"82",IF(J63<=74.9,"83",IF(J63<=78.9,"84",IF(J63<=78.9,"85",IF(J63>=78.9,J63," "))))))) -> 100 | Q63: =C63 -> Aurel Azza Adellia Putri | R63: =IF(I63<$N$10,"88","")
A64: 10 | C64: =DATA!D19 -> Darasti Keyshafa Azumi | D64: 30 | I64: =SUM(D64:H64) -> 30 | J64: =I64 -> 30 | K64: =IF(J64<$N$10,"tdk tuntas","tuntas") -> tdk tuntas | L64: =IF(J64<=39.9,"80",IF(J64<=59.9,"81",IF(J64<=69.9,"82",IF(J64<=74.9,"83",IF(J64<=78.9,"84",IF(J64<=78.9,"85",IF(J64>=78.9,J64," "))))))) -> 80 | Q64: =C64 -> Darasti Keyshafa Azumi | R64: =IF(I64<$N$10,"85","") -> 85 | S64: PENGAYAAN
A65: 11 | C65: =DATA!D20 -> Dea Resti Lian Dana Sari | D65: 50 | I65: =SUM(D65:H65) -> 50 | J65: =I65 -> 50 | K65: =IF(J65<$N$10,"tdk tuntas","tuntas") -> tdk tuntas | L65: =IF(J65<=39.9,"80",IF(J65<=59.9,"81",IF(J65<=69.9,"82",IF(J65<=74.9,"83",IF(J65<=78.9,"84",IF(J65<=78.9,"85",IF(J65>=78.9,J65," "))))))) -> 81 | Q65: =C65 -> Dea Resti Lian Dana Sari | R65: =IF(I65<$N$10,"85","") -> 85
A66: 12 | C66: =DATA!D21 -> Desta Dwi Lestari | D66: 100 | I66: =SUM(D66:H66) -> 100 | J66: =I66 -> 100 | K66: =IF(J66<$N$10,"tdk tuntas","tuntas") -> tuntas | L66: =IF(J66<=39.9,"80",IF(J66<=59.9,"81",IF(J66<=69.9,"82",IF(J66<=74.9,"83",IF(J66<=78.9,"84",IF(J66<=78.9,"85",IF(J66>=78.9,J66," "))))))) -> 100 | M66: Banyak siswa seluruhnya | N66: =K93 -> 32 | Q66: =C66 -> Desta Dwi Lestari | R66: =IF(I66<$N$10,"85","") | S66: V | T66: Menyelesaikan soal soal
A67: 13 | C67: =DATA!D22 -> Faaz Nizzar Ardiansyah | D67: 0 | I67: =SUM(D67:H67) -> 0 | J67: =I67 -> 0 | K67: =IF(J67<$N$10,"tdk tuntas","tuntas") -> tdk tuntas | L67: =IF(J67<=39.9,"80",IF(J67<=59.9,"81",IF(J67<=69.9,"82",IF(J67<=74.9,"83",IF(J67<=78.9,"84",IF(J67<=78.9,"85",IF(J67>=78.9,J67," "))))))) -> 80 | M67: Banyak siswa yg tuntas | N67: =K91 -> 12 | Q67: =C67 -> Faaz Nizzar Ardiansyah | R67: =IF(I67<$N$10,"85","") -> 85 | T67: pengayaan
A68: 14 | C68: =DATA!D23 -> Hazel Javier Ozora | D68: 90 | I68: =SUM(D68:H68) -> 90 | J68: =I68 -> 90 | K68: =IF(J68<$N$10,"tdk tuntas","tuntas") -> tuntas | L68: =IF(J68<=39.9,"80",IF(J68<=59.9,"81",IF(J68<=69.9,"82",IF(J68<=74.9,"83",IF(J68<=78.9,"84",IF(J68<=78.9,"85",IF(J68>=78.9,J68," "))))))) -> 90 | M68: Prosentase ketuntasan | N68: =N67/N66*100 -> 37.5 | O68: % | Q68: =C68 -> Hazel Javier Ozora | R68: =IF(I68<$N$10,"85","") | T68: Mempelajari materi / KD
A69: 15 | C69: =DATA!D24 -> Indika Dwi Laksono | D69: 100 | I69: =SUM(D69:H69) -> 100 | J69: =I69 -> 100 | K69: =IF(J69<$N$10,"tdk tuntas","tuntas") -> tuntas | L69: =IF(J69<=39.9,"80",IF(J69<=59.9,"81",IF(J69<=69.9,"82",IF(J69<=74.9,"83",IF(J69<=78.9,"84",IF(J69<=78.9,"85",IF(J69>=78.9,J69," "))))))) -> 100 | Q69: =C69 -> Indika Dwi Laksono | R69: =IF(I69<$N$10,"85","") | T69: berikutnya
A70: 16 | C70: =DATA!D25 -> Indra Rahma Azzahra | D70: 100 | I70: =SUM(D70:H70) -> 100 | J70: =I70 -> 100 | K70: =IF(J70<$N$10,"tdk tuntas","tuntas") -> tuntas | L70: =IF(J70<=39.9,"80",IF(J70<=59.9,"81",IF(J70<=69.9,"82",IF(J70<=74.9,"83",IF(J70<=78.9,"84",IF(J70<=78.9,"85",IF(J70>=78.9,J70," "))))))) -> 100 | M70: b. Tuntas Individu | Q70: =C70 -> Indra Rahma Azzahra | R70: =IF(I70<$N$10,"84","")
A71: 17 | C71: =DATA!D26 -> Lutfia Asri Wahyuni | D71: 0 | I71: =SUM(D71:H71) -> 0 | J71: =I71 -> 0 | K71: =IF(J71<$N$10,"tdk tuntas","tuntas") -> tdk tuntas | L71: =IF(J71<=39.9,"80",IF(J71<=59.9,"81",IF(J71<=69.9,"82",IF(J71<=74.9,"83",IF(J71<=78.9,"84",IF(J71<=78.9,"85",IF(J71>=78.9,J71," "))))))) -> 80 | Q71: =C71 -> Lutfia Asri Wahyuni | R71: =IF(I71<$N$10,"82","") -> 82 | T71: Guru Mata Pelajaran
A72: 18 | C72: =DATA!D27 -> Muhamad Fadil Khoiri | D72: 100 | I72: =SUM(D72:H72) -> 100 | J72: =I72 -> 100 | K72: =IF(J72<$N$10,"tdk tuntas","tuntas") -> tuntas | L72: =IF(J72<=39.9,"80",IF(J72<=59.9,"81",IF(J72<=69.9,"82",IF(J72<=74.9,"83",IF(J72<=78.9,"84",IF(J72<=78.9,"85",IF(J72>=78.9,J72," "))))))) -> 100 | Q72: =C72 -> Muhamad Fadil Khoiri | R72: =IF(I72<$N$10,"82","")
A73: 19 | C73: =DATA!D28 -> Muhammad Aqil Mufid | D73: 30 | I73: =SUM(D73:H73) -> 30 | J73: =I73 -> 30 | K73: =IF(J73<$N$10,"tdk tuntas","tuntas") -> tdk tuntas | L73: =IF(J73<=39.9,"80",IF(J73<=59.9,"81",IF(J73<=69.9,"82",IF(J73<=74.9,"83",IF(J73<=78.9,"84",IF(J73<=78.9,"85",IF(J73>=78.9,J73," "))))))) -> 80 | Q73: =C73 -> Muhammad Aqil Mufid | R73: =IF(I73<$N$10,"82","") -> 82
A74: 20 | C74: =DATA!D29 -> Muhammad Danish Alzydan | D74: 20 | I74: =SUM(D74:H74) -> 20 | J74: =I74 -> 20 | K74: =IF(J74<$N$10,"tdk tuntas","tuntas") -> tdk tuntas | L74: =IF(J74<=39.9,"80",IF(J74<=59.9,"81",IF(J74<=69.9,"82",IF(J74<=74.9,"83",IF(J74<=78.9,"84",IF(J74<=78.9,"85",IF(J74>=78.9,J74," "))))))) -> 80 | M74: Juml nilai perolehan sw | N74: =I91 -> 1470 | Q74: =C74 -> Muhammad Danish Alzydan | R74: =IF(I74<$N$10,"82","") -> 82
A75: 21 | C75: =DATA!D30 -> Muhammad Nurul Huda | D75: 20 | I75: =SUM(D75:H75) -> 20 | J75: =I75 -> 20 | K75: =IF(J75<$N$10,"tdk tuntas","tuntas") -> tdk tuntas | L75: =IF(J75<=39.9,"80",IF(J75<=59.9,"81",IF(J75<=69.9,"82",IF(J75<=74.9,"83",IF(J75<=78.9,"84",IF(J75<=78.9,"85",IF(J75>=78.9,J75," "))))))) -> 80 | M75: Juml nili seluruhnya | N75: =I92 -> 3200 | Q75: =C75 -> Muhammad Nurul Huda | R75: =IF(I75<$N$10,"82","") -> 82 | T75: =T28 -> KASMIN, S.Pd
A76: 22 | C76: =DATA!D31 -> Nada Aprillia Zulfa Fairuz | D76: 10 | I76: =SUM(D76:H76) -> 10 | J76: =I76 -> 10 | K76: =IF(J76<$N$10,"tdk tuntas","tuntas") -> tdk tuntas | L76: =IF(J76<=39.9,"80",IF(J76<=59.9,"81",IF(J76<=69.9,"82",IF(J76<=74.9,"83",IF(J76<=78.9,"84",IF(J76<=78.9,"85",IF(J76>=78.9,J76," "))))))) -> 80 | M76: Prosentase ketuntasan | N76: =N74/N75*100 -> 45.9375 | O76: % | Q76: =C76 -> Nada Aprillia Zulfa Fairuz | R76: =IF(I76<$N$10,"82","") -> 82 | T76: =T29 -> NIP : 196609141990031007
A77: 23 | C77: =DATA!D32 -> Nadaa Fadiyah Salsabila | D77: 20 | I77: =SUM(D77:H77) -> 20 | J77: =I77 -> 20 | K77: =IF(J77<$N$10,"tdk tuntas","tuntas") -> tdk tuntas | L77: =IF(J77<=39.9,"80",IF(J77<=59.9,"81",IF(J77<=69.9,"82",IF(J77<=74.9,"83",IF(J77<=78.9,"84",IF(J77<=78.9,"85",IF(J77>=78.9,J77," "))))))) -> 80 | Q77: =C77 -> Nadaa Fadiyah Salsabila | R77: =IF(I77<$N$10,"82","") -> 82
A78: 24 | C78: =DATA!D33 -> Nayla Oriza Shatifa | D78: 100 | I78: =SUM(D78:H78) -> 100 | J78: =I78 -> 100 | K78: =IF(J78<$N$10,"tdk tuntas","tuntas") -> tuntas | L78: =IF(J78<=39.9,"80",IF(J78<=59.9,"81",IF(J78<=69.9,"82",IF(J78<=74.9,"83",IF(J78<=78.9,"84",IF(J78<=78.9,"85",IF(J78>=78.9,J78," "))))))) -> 100 | Q78: =C78 -> Nayla Oriza Shatifa | R78: =IF(I78<$N$10,"85","") | T78: Kepala Sekolah
A79: 25 | C79: =DATA!D34 -> Raditya Eka Putra Yudha | D79: 30 | I79: =SUM(D79:H79) -> 30 | J79: =I79 -> 30 | K79: =IF(J79<$N$10,"tdk tuntas","tuntas") -> tdk tuntas | L79: =IF(J79<=39.9,"80",IF(J79<=59.9,"81",IF(J79<=69.9,"82",IF(J79<=74.9,"83",IF(J79<=78.9,"84",IF(J79<=78.9,"85",IF(J79>=78.9,J79," "))))))) -> 80 | M79: Daya serap klasikal : | Q79: =C79 -> Raditya Eka Putra Yudha | R79: =IF(I79<$N$10,"81","") -> 81
A80: 26 | C80: =DATA!D35 -> Ragil Harlangga | D80: 10 | I80: =SUM(D80:H80) -> 10 | J80: =I80 -> 10 | K80: =IF(J80<$N$10,"tdk tuntas","tuntas") -> tdk tuntas | L80: =IF(J80<=39.9,"80",IF(J80<=59.9,"81",IF(J80<=69.9,"82",IF(J80<=74.9,"83",IF(J80<=78.9,"84",IF(J80<=78.9,"85",IF(J80>=78.9,J80," "))))))) -> 80 | M80: Suatu kls dinytkn tuntas | Q80: =C80 -> Ragil Harlangga | R80: =IF(I80<$N$10,"82","") -> 82
A81: 27 | C81: =DATA!D36 -> Rasya Hidayatullah Putra Zatmiko | D81: 20 | I81: =SUM(D81:H81) -> 20 | J81: =I81 -> 20 | K81: =IF(J81<$N$10,"tdk tuntas","tuntas") -> tdk tuntas | L81: =IF(J81<=39.9,"80",IF(J81<=59.9,"81",IF(J81<=69.9,"82",IF(J81<=74.9,"83",IF(J81<=78.9,"84",IF(J81<=78.9,"85",IF(J81>=78.9,J81," "))))))) -> 80 | M81: banyak siswa tts ≥ 85% | Q81: =C81 -> Rasya Hidayatullah Putra Zatmiko | R81: =IF(I81<$N$10,"82","") -> 82
A82: 28 | C82: =DATA!D37 -> Septiyana Trihapsari | D82: 10 | I82: =SUM(D82:H82) -> 10 | J82: =I82 -> 10 | K82: =IF(J82<$N$10,"tdk tuntas","tuntas") -> tdk tuntas | L82: =IF(J82<=39.9,"80",IF(J82<=59.9,"81",IF(J82<=69.9,"82",IF(J82<=74.9,"83",IF(J82<=78.9,"84",IF(J82<=78.9,"85",IF(J82>=78.9,J82," "))))))) -> 80 | Q82: =C82 -> Septiyana Trihapsari | R82: =IF(I82<$N$10,"81","") -> 81
A83: 29 | C83: =DATA!D38 -> Syarifa Fatma | D83: 90 | I83: =SUM(D83:H83) -> 90 | J83: =I83 -> 90 | K83: =IF(J83<$N$10,"tdk tuntas","tuntas") -> tuntas | L83: =IF(J83<=39.9,"80",IF(J83<=59.9,"81",IF(J83<=69.9,"82",IF(J83<=74.9,"83",IF(J83<=78.9,"84",IF(J83<=78.9,"85",IF(J83>=78.9,J83," "))))))) -> 90 | Q83: =C83 -> Syarifa Fatma | R83: =IF(I83<$N$10,"85","")
A84: 30 | C84: =DATA!D39 -> Syauqi Lazuardi | D84: 100 | I84: =SUM(D84:H84) -> 100 | J84: =I84 -> 100 | K84: =IF(J84<$N$10,"tdk tuntas","tuntas") -> tuntas | L84: =IF(J84<=39.9,"80",IF(J84<=59.9,"81",IF(J84<=69.9,"82",IF(J84<=74.9,"83",IF(J84<=78.9,"84",IF(J84<=78.9,"85",IF(J84>=78.9,J84," "))))))) -> 100 | Q84: =C84 -> Syauqi Lazuardi | R84: =IF(I84<$N$10,"84","") | T84: =T37 -> Dra. BAROKAH GUNIARTI
A85: 31 | C85: =DATA!D40 -> Zakya Ninu Azzahra | D85: 90 | I85: =SUM(D85:H85) -> 90 | J85: =I85 -> 90 | K85: =IF(J85<$N$10,"tdk tuntas","tuntas") -> tuntas | L85: =IF(J85<=39.9,"80",IF(J85<=59.9,"81",IF(J85<=69.9,"82",IF(J85<=74.9,"83",IF(J85<=78.9,"84",IF(J85<=78.9,"85",IF(J85>=78.9,J85," "))))))) -> 90 | M85: Kesimpulan : | Q85: =C85 -> Zakya Ninu Azzahra | R85: =IF(I85<$N$10,"84","") | T85: =T38 -> NIP : 196901081996122004
A86: 32 | C86: =DATA!D41 -> Zivara Layly Amaratungga | D86: 0 | I86: =SUM(D86:H86) -> 0 | J86: =I86 -> 0 | K86: =IF(J86<$N$10,"tdk tuntas","tuntas") -> tdk tuntas | L86: =IF(J86<=39.9,"80",IF(J86<=59.9,"81",IF(J86<=69.9,"82",IF(J86<=74.9,"83",IF(J86<=78.9,"84",IF(J86<=78.9,"85",IF(J86>=78.9,J86," "))))))) -> 80 | Q86: =C86 -> Zivara Layly Amaratungga
A87: 33 | M87: Perlu perbaikan siswa-siswa
A88: 34 | M88: yang nilainya kurang dari | N88: =N57 -> 80
A89: 35 | M89: atau yang tidak tuntas
A90: Rataan | I90: =AVERAGE(I55:I89) -> 45.9375 | R90: =C51 -> 9B
A91: Jumlah scor | D91: =SUM(D55:D89) -> 1470 | E91: =SUM(E55:E89) -> 0 | F91: =SUM(F55:F89) -> 0 | G91: =SUM(G55:G89) -> 0 | I91: =SUM(D91:H91) -> 1470 | J91: tuntas | K91: =COUNTIF(K55:K89,J91) -> 12
A92: Scor maksimum | D92: =D53*K93 -> 960 | E92: =E53*K93 -> 1280 | F92: =F53*K93 -> 960 | G92: =G53*K93 -> 0 | I92: =SUM(D92:H92) -> 3200 | J92: tdk tuntas | K92: =COUNTIF(K55:K89,J92) -> 20
A93: Prosentase Pencapaian | D93: =D91/D92*100 -> 153.125 | E93: =E91/E92*100 -> 0 | F93: =F91/F92*100 -> 0 | G93: =G91/G92*100 -> #DIV/0! | I93: =I91/I92*100 -> 45.9375 | J93: Juml | K93: =SUM(K91:K92) -> 32
A95: =A48 -> ANALISA HASIL PH MATEMATIKA KLS IX SMT GENAP | Q95: PROGRAM DAN PELAKSANAAN
A96: =A49 -> SMP I LIMBANGAN TH 2025/2026 | Q96: PERBAIKAN / PENGAYAAN
A98: KLS | C98: =DATA!F8 -> 9C | D98: PH ke : | F98: =F4 -> 1 | I98: Tanggal : | K98: 45877 | M98: SK no : | N98: =N4 -> 1 | Q98: Waktu pelaksanaan : | R98: =K98+7 -> 45884
C99: No Soal | D99: 1 | E99: 2 | F99: 3 | G99: 4 | H99: 5 | I99: JUM | J99: % | K99: KETUN | L99: NILAI | M99: KETERANGAN | R99: HASIL
A100: NO | B100: NIS | C100: Scor | D100: =D53 -> 30 | E100: =E53 -> 40 | F100: =F53 -> 30 | G100: =G53 -> 0 | H100: =H53 -> 0 | I100: =SUM(D100:H100) -> 100 | J100: Keter | K100: TASAN | L100: SETLH | Q100: NAMA | R100: PERBK | S100: URAIAN PROGRAM
C101: NAMA | J101: capaian | L101: PERBKN | R101: PGYAAN
A102: 1 | C102: =DATA!F10 -> Ahmad Husain | D102: 50 | I102: =SUM(D102:H102) -> 50 | J102: =I102 -> 50 | K102: =IF(J102<$N$10,"tdk tuntas","tuntas") -> tdk tuntas | L102: =IF(J102<=39.9,"80",IF(J102<=59.9,"81",IF(J102<=69.9,"82",IF(J102<=74.9,"83",IF(J102<=78.9,"84",IF(J102<=78.9,"85",IF(J102>=78.9,J102," "))))))) -> 81 | Q102: =C102 -> Ahmad Husain | R102: =IF(I102<$N$10,"80","") -> 80
A103: 2 | C103: =DATA!F11 -> Albeth Christian F. | D103: 10 | I103: =SUM(D103:H103) -> 10 | J103: =I103 -> 10 | K103: =IF(J103<$N$10,"tdk tuntas","tuntas") -> tdk tuntas | L103: =IF(J103<=39.9,"80",IF(J103<=59.9,"81",IF(J103<=69.9,"82",IF(J103<=74.9,"83",IF(J103<=78.9,"84",IF(J103<=78.9,"85",IF(J103>=78.9,J103," "))))))) -> 80 | Q103: =C104 -> Alfino Kurniawan | R103: =IF(I103<$N$10,"81","") -> 81 | S103: PERBAIKAN
A104: 3 | C104: =DATA!F12 -> Alfino Kurniawan | D104: 0 | I104: =SUM(D104:H104) -> 0 | J104: =I104 -> 0 | K104: =IF(J104<$N$10,"tdk tuntas","tuntas") -> tdk tuntas | L104: =IF(J104<=39.9,"80",IF(J104<=59.9,"81",IF(J104<=69.9,"82",IF(J104<=74.9,"83",IF(J104<=78.9,"84",IF(J104<=78.9,"85",IF(J104>=78.9,J104," "))))))) -> 80 | M104: KKM | N104: =N10 -> 80 | Q104: =C105 -> Alif Jalu Adil | R104: =IF(I104<$N$10,"81","") -> 81
A105: 4 | C105: =DATA!F13 -> Alif Jalu Adil | D105: 60 | I105: =SUM(D105:H105) -> 60 | J105: =I105 -> 60 | K105: =IF(J105<$N$10,"tdk tuntas","tuntas") -> tdk tuntas | L105: =IF(J105<=39.9,"80",IF(J105<=59.9,"81",IF(J105<=69.9,"82",IF(J105<=74.9,"83",IF(J105<=78.9,"84",IF(J105<=78.9,"85",IF(J105>=78.9,J105," "))))))) -> 82 | Q105: =C106 -> Almira Tian Az Zahra | R105: =IF(I105<$N$10,"84","") -> 84 | T105: Membuat rangkuman
...

Sheet UHB
A1: ='UH1'!A1 -> ANALISA HASIL PH MATEMATIKA KLS IX SMT GENAP | Q1: PROGRAM DAN PELAKSANAAN
A2: ='UH1'!A2 -> SMP I LIMBANGAN TH 2025/2026 | Q2: PERBAIKAN / PENGAYAAN
A4: KLS | C4: =DATA!B8 -> 9A | D4: PH ke : | F4: 2 | I4: Tanggal : | K4: 45936 | M4: SK no : | N4: 2 | Q4: Waktu pelaksanaan : | R4: =K4+7 -> 45943
C5: No Soal | D5: 1 | E5: 2 | F5: 3 | G5: 4 | H5: 5 | I5: JUM | J5: % | K5: KETUN | L5: NILAI | M5: KETERANGAN | R5: HASIL
A6: NO | B6: NIS | C6: Scor | D6: 20 | E6: 20 | F6: 30 | G6: 30 | I6: =SUM(D6:H6) -> 100 | J6: Keter | K6: TASAN | L6: SETLH | Q6: NAMA | R6: PERBK | S6: URAIAN PROGRAM
C7: NAMA | J7: capaian | L7: PERBKN | R7: PGYAAN
A8: 1 | C8: =DATA!B10 -> Affan Bagus Ramadhani | D8: 40 | I8: =SUM(D8:H8) -> 40 | J8: =I8 -> 40 | K8: =IF(J8<$N$10,"tdk tuntas","tuntas") -> tdk tuntas | L8: =IF(J8<=39.9,"80",IF(J8<=59.9,"81",IF(J8<=69.9,"82",IF(J8<=74.9,"83",IF(J8<=78.9,"84",IF(J8<=78.9,"85",IF(J8>=78.9,J8," "))))))) -> 81 | Q8: =C8 -> Affan Bagus Ramadhani | R8: =IF(I8<$N$10,"80","") -> 80
A9: 2 | C9: =DATA!B11 -> Affansa Rayya Assalafi | D9: 40 | I9: =SUM(D9:H9) -> 40 | J9: =I9 -> 40 | K9: =IF(J9<$N$10,"tdk tuntas","tuntas") -> tdk tuntas | L9: =IF(J9<=39.9,"80",IF(J9<=59.9,"81",IF(J9<=69.9,"82",IF(J9<=74.9,"83",IF(J9<=78.9,"84",IF(J9<=78.9,"85",IF(J9>=78.9,J9," "))))))) -> 81 | Q9: =C9 -> Affansa Rayya Assalafi | R9: =IF(I9<$N$10,"81","") -> 81 | S9: PERBAIKAN
A10: 3 | C10: =DATA!B12 -> Agel Fransiska | D10: 45 | I10: =SUM(D10:H10) -> 45 | J10: =I10 -> 45 | K10: =IF(J10<$N$10,"tdk tuntas","tuntas") -> tdk tuntas | L10: =IF(J10<=39.9,"80",IF(J10<=59.9,"81",IF(J10<=69.9,"82",IF(J10<=74.9,"83",IF(J10<=78.9,"84",IF(J10<=78.9,"85",IF(J10>=78.9,J10," "))))))) -> 81 | M10: KKM | N10: =DATA!F4 -> 80 | Q10: =C10 -> Agel Fransiska | R10: =IF(I10<$N$10,"81","") -> 81
A11: 4 | C11: =DATA!B13 -> Alfin Putra Firmansyah | D11: 10 | I11: =SUM(D11:H11) -> 10 | J11: =I11 -> 10 | K11: =IF(J11<$N$10,"tdk tuntas","tuntas") -> tdk tuntas | L11: =IF(J11<=39.9,"80",IF(J11<=59.9,"81",IF(J11<=69.9,"82",IF(J11<=74.9,"83",IF(J11<=78.9,"84",IF(J11<=78.9,"85",IF(J11>=78.9,J11," "))))))) -> 80 | Q11: =C11 -> Alfin Putra Firmansyah | R11: =IF(I11<$N$10,"84","") -> 84 | T11: Membuat rangkuman
A12: 5 | C12: =DATA!B14 -> Almira Sadia Qonitah | D12: 50 | I12: =SUM(D12:H12) -> 50 | J12: =I12 -> 50 | K12: =IF(J12<$N$10,"tdk tuntas","tuntas") -> tdk tuntas | L12: =IF(J12<=39.9,"80",IF(J12<=59.9,"81",IF(J12<=69.9,"82",IF(J12<=74.9,"83",IF(J12<=78.9,"84",IF(J12<=78.9,"85",IF(J12>=78.9,J12," "))))))) -> 81 | Q12: =C12 -> Almira Sadia Qonitah | R12: =IF(I12<$N$10,"87","") -> 87 | S12: v | T12: Menbuat soal
A13: 6 | C13: =DATA!B15 -> Arif Perdana Putra | D13: 25 | I13: =SUM(D13:H13) -> 25 | J13: =I13 -> 25 | K13: =IF(J13<$N$10,"tdk tuntas","tuntas") -> tdk tuntas | L13: =IF(J13<=39.9,"80",IF(J13<=59.9,"81",IF(J13<=69.9,"82",IF(J13<=74.9,"83",IF(J13<=78.9,"84",IF(J13<=78.9,"85",IF(J13>=78.9,J13," "))))))) -> 80 | M13: Hasil Analisa | Q13: =C13 -> Arif Perdana Putra | R13: =IF(I13<$N$10,"82","") -> 82 | T13: dan penyelesaiannya
A14: 7 | C14: =DATA!B16 -> Asifa Nariyati | D14: 40 | I14: =SUM(D14:H14) -> 40 | J14: =I14 -> 40 | K14: =IF(J14<$N$10,"tdk tuntas","tuntas") -> tdk tuntas | L14: =IF(J14<=39.9,"80",IF(J14<=59.9,"81",IF(J14<=69.9,"82",IF(J14<=74.9,"83",IF(J14<=78.9,"84",IF(J14<=78.9,"85",IF(J14>=78.9,J14," "))))))) -> 81 | Q14: =C14 -> Asifa Nariyati | R14: =IF(I14<$N$10,"80","") -> 80 | T14: Mengerjakan soal
A15: 8 | C15: =DATA!B17 -> Calvin Mandala Putra | D15: 35 | I15: =SUM(D15:H15) -> 35 | J15: =I15 -> 35 | K15: =IF(J15<$N$10,"tdk tuntas","tuntas") -> tdk tuntas | L15: =IF(J15<=39.9,"80",IF(J15<=59.9,"81",IF(J15<=69.9,"82",IF(J15<=74.9,"83",IF(J15<=78.9,"84",IF(J15<=78.9,"85",IF(J15>=78.9,J15," "))))))) -> 80 | M15: a. Tuntas Klasikal | Q15: =C15 -> Calvin Mandala Putra | R15: =IF(I15<$N$10,"84","") -> 84 | T15: dengan bobot sama
A16: 9 | C16: =DATA!B18 -> Decha Rifqoh Alma Dhini | D16: 25 | I16: =SUM(D16:H16) -> 25 | J16: =I16 -> 25 | K16: =IF(J16<$N$10,"tdk tuntas","tuntas") -> tdk tuntas | L16: =IF(J16<=39.9,"80",IF(J16<=59.9,"81",IF(J16<=69.9,"82",IF(J16<=74.9,"83",IF(J16<=78.9,"84",IF(J16<=78.9,"85",IF(J16>=78.9,J16," "))))))) -> 80 | Q16: =C16 -> Decha Rifqoh Alma Dhini | R16: =IF(I16<$N$10,"88","") -> 88
A17: 10 | C17: =DATA!B19 -> Fathir Hibatullah Harahap | D17: 50 | I17: =SUM(D17:H17) -> 50 | J17: =I17 -> 50 | K17: =IF(J17<$N$10,"tdk tuntas","tuntas") -> tdk tuntas | L17: =IF(J17<=39.9,"80",IF(J17<=59.9,"81",IF(J17<=69.9,"82",IF(J17<=74.9,"83",IF(J17<=78.9,"84",IF(J17<=78.9,"85",IF(J17>=78.9,J17," "))))))) -> 81 | Q17: =C17 -> Fathir Hibatullah Harahap | R17: =IF(I17<$N$10,"85","") -> 85 | S17: PENGAYAAN
A18: 11 | C18: =DATA!B20 -> Gendhis Putri Ayreanti | D18: 65 | I18: =SUM(D18:H18) -> 65 | J18: =I18 -> 65 | K18: =IF(J18<$N$10,"tdk tuntas","tuntas") -> tdk tuntas | L18: =IF(J18<=39.9,"80",IF(J18<=59.9,"81",IF(J18<=69.9,"82",IF(J18<=74.9,"83",IF(J18<=78.9,"84",IF(J18<=78.9,"85",IF(J18>=78.9,J18," "))))))) -> 82 | Q18: =C18 -> Gendhis Putri Ayreanti | R18: =IF(I18<$N$10,"85","") -> 85
A19: 12 | C19: =DATA!B21 -> Habibi Lazuardi | D19: 50 | I19: =SUM(D19:H19) -> 50 | J19: =I19 -> 50 | K19: =IF(J19<$N$10,"tdk tuntas","tuntas") -> tdk tuntas | L19: =IF(J19<=39.9,"80",IF(J19<=59.9,"81",IF(J19<=69.9,"82",IF(J19<=74.9,"83",IF(J19<=78.9,"84",IF(J19<=78.9,"85",IF(J19>=78.9,J19," "))))))) -> 81 | M19: Banyak siswa seluruhnya | N19: =K46 -> 32 | Q19: =C19 -> Habibi Lazuardi | R19: =IF(I19<$N$10,"85","") -> 85 | S19: V | T19: Menyelesaikan soal soal
A20: 13 | C20: =DATA!B22 -> Herina Sasha Rasati | D20: 45 | I20: =SUM(D20:H20) -> 45 | J20: =I20 -> 45 | K20: =IF(J20<$N$10,"tdk tuntas","tuntas") -> tdk tuntas | L20: =IF(J20<=39.9,"80",IF(J20<=59.9,"81",IF(J20<=69.9,"82",IF(J20<=74.9,"83",IF(J20<=78.9,"84",IF(J20<=78.9,"85",IF(J20>=78.9,J20," "))))))) -> 81 | M20: Banyak siswa yg tuntas | N20: =K44 -> 0 | Q20: =C20 -> Herina Sasha Rasati | R20: =IF(I20<$N$10,"85","") -> 85 | T20: pengayaan
A21: 14 | C21: =DATA!B23 -> Ivan Adi Saputra | D21: 30 | I21: =SUM(D21:H21) -> 30 | J21: =I21 -> 30 | K21: =IF(J21<$N$10,"tdk tuntas","tuntas") -> tdk tuntas | L21: =IF(J21<=39.9,"80",IF(J21<=59.9,"81",IF(J21<=69.9,"82",IF(J21<=74.9,"83",IF(J21<=78.9,"84",IF(J21<=78.9,"85",IF(J21>=78.9,J21," "))))))) -> 80 | M21: Prosentase ketuntasan | N21: =N20/N19*100 -> 0 | O21: % | Q21: =C21 -> Ivan Adi Saputra | R21: =IF(I21<$N$10,"85","") -> 85 | T21: Mempelajari materi / KD
A22: 15 | C22: =DATA!B24 -> Ivander Veda Ardyanta | D22: 65 | I22: =SUM(D22:H22) -> 65 | J22: =I22 -> 65 | K22: =IF(J22<$N$10,"tdk tuntas","tuntas") -> tdk tuntas | L22: =IF(J22<=39.9,"80",IF(J22<=59.9,"81",IF(J22<=69.9,"82",IF(J22<=74.9,"83",IF(J22<=78.9,"84",IF(J22<=78.9,"85",IF(J22>=78.9,J22," "))))))) -> 82 | Q22: =C22 -> Ivander Veda Ardyanta | R22: =IF(I22<$N$10,"85","") -> 85 | T22: berikutnya
A23: 16 | C23: =DATA!B25 -> Keysa Lutfi Yana Putri | D23: 25 | I23: =SUM(D23:H23) -> 25 | J23: =I23 -> 25 | K23: =IF(J23<$N$10,"tdk tuntas","tuntas") -> tdk tuntas | L23: =IF(J23<=39.9,"80",IF(J23<=59.9,"81",IF(J23<=69.9,"82",IF(J23<=74.9,"83",IF(J23<=78.9,"84",IF(J23<=78.9,"85",IF(J23>=78.9,J23," "))))))) -> 80 | M23: b. Tuntas Individu | Q23: =C23 -> Keysa Lutfi Yana Putri | R23: =IF(I23<$N$10,"84","") -> 84
A24: 17 | C24: =DATA!B26 -> Khanaya Putri Emeyliana | D24: 25 | I24: =SUM(D24:H24) -> 25 | J24: =I24 -> 25 | K24: =IF(J24<$N$10,"tdk tuntas","tuntas") -> tdk tuntas | L24: =IF(J24<=39.9,"80",IF(J24<=59.9,"81",IF(J24<=69.9,"82",IF(J24<=74.9,"83",IF(J24<=78.9,"84",IF(J24<=78.9,"85",IF(J24>=78.9,J24," "))))))) -> 80 | Q24: =C24 -> Khanaya Putri Emeyliana | R24: =IF(I24<$N$10,"82","") -> 82 | T24: Guru Mata Pelajaran
A25: 18 | C25: =DATA!B27 -> Khoirul Rodzikin | D25: 35 | I25: =SUM(D25:H25) -> 35 | J25: =I25 -> 35 | K25: =IF(J25<$N$10,"tdk tuntas","tuntas") -> tdk tuntas | L25: =IF(J25<=39.9,"80",IF(J25<=59.9,"81",IF(J25<=69.9,"82",IF(J25<=74.9,"83",IF(J25<=78.9,"84",IF(J25<=78.9,"85",IF(J25>=78.9,J25," "))))))) -> 80 | Q25: =C25 -> Khoirul Rodzikin | R25: =IF(I25<$N$10,"82","") -> 82
A26: 19 | C26: =DATA!B28 -> Livia Mozavina | D26: 46 | I26: =SUM(D26:H26) -> 46 | J26: =I26 -> 46 | K26: =IF(J26<$N$10,"tdk tuntas","tuntas") -> tdk tuntas | L26: =IF(J26<=39.9,"80",IF(J26<=59.9,"81",IF(J26<=69.9,"82",IF(J26<=74.9,"83",IF(J26<=78.9,"84",IF(J26<=78.9,"85",IF(J26>=78.9,J26," "))))))) -> 81 | Q26: =C26 -> Livia Mozavina | R26: =IF(I26<$N$10,"82","") -> 82
A27: 20 | C27: =DATA!B29 -> Milatul Ulya Azzahra | D27: 40 | I27: =SUM(D27:H27) -> 40 | J27: =I27 -> 40 | K27: =IF(J27<$N$10,"tdk tuntas","tuntas") -> tdk tuntas | L27: =IF(J27<=39.9,"80",IF(J27<=59.9,"81",IF(J27<=69.9,"82",IF(J27<=74.9,"83",IF(J27<=78.9,"84",IF(J27<=78.9,"85",IF(J27>=78.9,J27," "))))))) -> 81 | M27: Juml nilai perolehan sw | N27: =I44 -> 1306 | Q27: =C27 -> Milatul Ulya Azzahra | R27: =IF(I27<$N$10,"82","") -> 82
A28: 21 | C28: =DATA!B30 -> Muhammad Arif Pratama | D28: 45 | I28: =SUM(D28:H28) -> 45 | J28: =I28 -> 45 | K28: =IF(J28<$N$10,"tdk tuntas","tuntas") -> tdk tuntas | L28: =IF(J28<=39.9,"80",IF(J28<=59.9,"81",IF(J28<=69.9,"82",IF(J28<=74.9,"83",IF(J28<=78.9,"84",IF(J28<=78.9,"85",IF(J28>=78.9,J28," "))))))) -> 81 | M28: Juml nili seluruhnya | N28: =I45 -> 3200 | Q28: =C28 -> Muhammad Arif Pratama | R28: =IF(I28<$N$10,"82","") -> 82 | T28: =DATA!B3 -> KASMIN, S.Pd
A29: 22 | C29: =DATA!B31 -> Muhammad Fahri Khoirudin | D29: 45 | I29: =SUM(D29:H29) -> 45 | J29: =I29 -> 45 | K29: =IF(J29<$N$10,"tdk tuntas","tuntas") -> tdk tuntas | L29: =IF(J29<=39.9,"80",IF(J29<=59.9,"81",IF(J29<=69.9,"82",IF(J29<=74.9,"83",IF(J29<=78.9,"84",IF(J29<=78.9,"85",IF(J29>=78.9,J29," "))))))) -> 81 | M29: Prosentase ketuntasan | N29: =N27/N28*100 -> 40.8125 | O29: % | Q29: =C29 -> Muhammad Fahri Khoirudin | R29: =IF(I29<$N$10,"82","") -> 82 | T29: =DATA!B4 -> NIP : 196609141990031007
A30: 23 | C30: =DATA!B32 -> Muhammad Rakha Razansyah | D30: 60 | I30: =SUM(D30:H30) -> 60 | J30: =I30 -> 60 | K30: =IF(J30<$N$10,"tdk tuntas","tuntas") -> tdk tuntas | L30: =IF(J30<=39.9,"80",IF(J30<=59.9,"81",IF(J30<=69.9,"82",IF(J30<=74.9,"83",IF(J30<=78.9,"84",IF(J30<=78.9,"85",IF(J30>=78.9,J30," "))))))) -> 82 | Q30: =C30 -> Muhammad Rakha Razansyah | R30: =IF(I30<$N$10,"82","") -> 82
A31: 24 | C31: =DATA!B33 -> Mutiara Dewi Khusna | D31: 25 | I31: =SUM(D31:H31) -> 25 | J31: =I31 -> 25 | K31: =IF(J31<$N$10,"tdk tuntas","tuntas") -> tdk tuntas | L31: =IF(J31<=39.9,"80",IF(J31<=59.9,"81",IF(J31<=69.9,"82",IF(J31<=74.9,"83",IF(J31<=78.9,"84",IF(J31<=78.9,"85",IF(J31>=78.9,J31," "))))))) -> 80 | Q31: =C31 -> Mutiara Dewi Khusna | R31: =IF(I31<$N$10,"85","") -> 85 | T31: Kepala Sekolah
A32: 25 | C32: =DATA!B34 -> Qeysya Nabila Maharani | D32: 40 | I32: =SUM(D32:H32) -> 40 | J32: =I32 -> 40 | K32: =IF(J32<$N$10,"tdk tuntas","tuntas") -> tdk tuntas | L32: =IF(J32<=39.9,"80",IF(J32<=59.9,"81",IF(J32<=69.9,"82",IF(J32<=74.9,"83",IF(J32<=78.9,"84",IF(J32<=78.9,"85",IF(J32>=78.9,J32," "))))))) -> 81 | M32: Daya serap klasikal : | Q32: =C32 -> Qeysya Nabila Maharani | R32: =IF(I32<$N$10,"81","") -> 81
A33: 26 | C33: =DATA!B35 -> Raihan Akbar Ramadhan | D33: 60 | I33: =SUM(D33:H33) -> 60 | J33: =I33 -> 60 | K33: =IF(J33<$N$10,"tdk tuntas","tuntas") -> tdk tuntas | L33: =IF(J33<=39.9,"80",IF(J33<=59.9,"81",IF(J33<=69.9,"82",IF(J33<=74.9,"83",IF(J33<=78.9,"84",IF(J33<=78.9,"85",IF(J33>=78.9,J33," "))))))) -> 82 | M33: Suatu kls dinytkn tuntas | Q33: =C33 -> Raihan Akbar Ramadhan | R33: =IF(I33<$N$10,"82","") -> 82
A34: 27 | C34: =DATA!B36 -> Ramadhani | D34: 40 | I34: =SUM(D34:H34) -> 40 | J34: =I34 -> 40 | K34: =IF(J34<$N$10,"tdk tuntas","tuntas") -> tdk tuntas | L34: =IF(J34<=39.9,"80",IF(J34<=59.9,"81",IF(J34<=69.9,"82",IF(J34<=74.9,"83",IF(J34<=78.9,"84",IF(J34<=78.9,"85",IF(J34>=78.9,J34," "))))))) -> 81 | M34: banyak siswa tts ≥ 85% | Q34: =C34 -> Ramadhani | R34: =IF(I34<$N$10,"82","") -> 82
A35: 28 | C35: =DATA!B37 -> Rangga Putra Raditya | D35: 20 | I35: =SUM(D35:H35) -> 20 | J35: =I35 -> 20 | K35: =IF(J35<$N$10,"tdk tuntas","tuntas") -> tdk tuntas | L35: =IF(J35<=39.9,"80",IF(J35<=59.9,"81",IF(J35<=69.9,"82",IF(J35<=74.9,"83",IF(J35<=78.9,"84",IF(J35<=78.9,"85",IF(J35>=78.9,J35," "))))))) -> 80 | Q35: =C35 -> Rangga Putra Raditya | R35: =IF(I35<$N$10,"81","") -> 81
A36: 29 | C36: =DATA!B38 -> Safa Nasila Anajwa | D36: 45 | I36: =SUM(D36:H36) -> 45 | J36: =I36 -> 45 | K36: =IF(J36<$N$10,"tdk tuntas","tuntas") -> tdk tuntas | L36: =IF(J36<=39.9,"80",IF(J36<=59.9,"81",IF(J36<=69.9,"82",IF(J36<=74.9,"83",IF(J36<=78.9,"84",IF(J36<=78.9,"85",IF(J36>=78.9,J36," "))))))) -> 81 | Q36: =C36 -> Safa Nasila Anajwa | R36: =IF(I36<$N$10,"85","") -> 85
A37: 30 | C37: =DATA!B39 -> Sila Ayu Kurnia | D37: 50 | I37: =SUM(D37:H37) -> 50 | J37: =I37 -> 50 | K37: =IF(J37<$N$10,"tdk tuntas","tuntas") -> tdk tuntas | L37: =IF(J37<=39.9,"80",IF(J37<=59.9,"81",IF(J37<=69.9,"82",IF(J37<=74.9,"83",IF(J37<=78.9,"84",IF(J37<=78.9,"85",IF(J37>=78.9,J37," "))))))) -> 81 | Q37: =C37 -> Sila Ayu Kurnia | R37: =IF(I37<$N$10,"84","") -> 84 | T37: =DATA!D3 -> Dra. BAROKAH GUNIARTI
A38: 31 | C38: =DATA!B40 -> Sindhi Nandha Lusia | D38: 40 | I38: =SUM(D38:H38) -> 40 | J38: =I38 -> 40 | K38: =IF(J38<$N$10,"tdk tuntas","tuntas") -> tdk tuntas | L38: =IF(J38<=39.9,"80",IF(J38<=59.9,"81",IF(J38<=69.9,"82",IF(J38<=74.9,"83",IF(J38<=78.9,"84",IF(J38<=78.9,"85",IF(J38>=78.9,J38," "))))))) -> 81 | M38: Kesimpulan : | Q38: =C38 -> Sindhi Nandha Lusia | R38: =IF(I38<$N$10,"84","") -> 84 | T38: =DATA!D4 -> NIP : 196901081996122004
A39: 32 | C39: =DATA!B41 -> Siti Alfiani | D39: 50 | I39: =SUM(D39:H39) -> 50 | J39: =I39 -> 50 | K39: =IF(J39<$N$10,"tdk tuntas","tuntas") -> tdk tuntas | L39: =IF(J39<=39.9,"80",IF(J39<=59.9,"81",IF(J39<=69.9,"82",IF(J39<=74.9,"83",IF(J39<=78.9,"84",IF(J39<=78.9,"85",IF(J39>=78.9,J39," "))))))) -> 81
A40: 33 | M40: Perlu perbaikan siswa-siswa
A41: 34 | M41: yang nilainya < KKM.
A42: 35 | M42: atau yang tidak tuntas
A43: Rataan | I43: =AVERAGE(I8:I42) -> 40.8125 | R43: =C4 -> 9A
A44: Jumlah scor | D44: =SUM(D8:D42) -> 1306 | E44: =SUM(E8:E42) -> 0 | F44: =SUM(F8:F42) -> 0 | G44: =SUM(G8:G42) -> 0 | H44: =SUM(H8:H42) -> 0 | I44: =SUM(D44:H44) -> 1306 | J44: tuntas | K44: =COUNTIF(K8:K42,J44) -> 0
A45: Scor maksimum | D45: =D6*K46 -> 640 | E45: =E6*K46 -> 640 | F45: =F6*K46 -> 960 | G45: =G6*K46 -> 960 | H45: =H6*K46 -> 0 | I45: =SUM(D45:H45) -> 3200 | J45: tdk tuntas | K45: =COUNTIF(K8:K42,J45) -> 32
A46: Prosentase Pencapaian | D46: =D44/D45*100 -> 204.0625 | E46: =E44/E45*100 -> 0 | F46: =F44/F45*100 -> 0 | G46: =G44/G45*100 -> 0 | H46: =H44/H45*100 -> #DIV/0! | I46: =I44/I45*100 -> 40.8125 | J46: Juml | K46: =SUM(K44:K45) -> 32
A48: ='UH1'!A48 -> ANALISA HASIL PH MATEMATIKA KLS IX SMT GENAP | Q48: PROGRAM DAN PELAKSANAAN
A49: =A2 -> SMP I LIMBANGAN TH 2025/2026 | Q49: PERBAIKAN / PENGAYAAN
A51: KLS | C51: =DATA!D8 -> 9B | D51: PH ke : | F51: =F4 -> 2 | I51: Tanggal : | K51: 45936 | M51: SK no : | N51: =N4 -> 2 | Q51: Waktu pelaksanaan : | R51: =K51+7 -> 45943
C52: No Soal | D52: 1 | E52: 2 | F52: 3 | G52: 4 | H52: 5 | I52: JUM | J52: % | K52: KETUN | L52: NILAI | M52: KETERANGAN | R52: HASIL
A53: NO | B53: NIS | C53: Scor | D53: =D6 -> 20 | E53: =E6 -> 20 | F53: =F6 -> 30 | G53: =G6 -> 30 | H53: =H6 -> 0 | I53: =SUM(D53:H53) -> 100 | J53: Keter | K53: TASAN | L53: SETLH | Q53: NAMA | R53: PERBK | S53: URAIAN PROGRAM
C54: NAMA | J54: capaian | L54: PERBKN | R54: PGYAAN
A55: 1 | C55: =DATA!D10 -> Abid Lionel Abdillah | D55: 35 | I55: =SUM(D55:H55) -> 35 | J55: =I55 -> 35 | K55: =IF(J55<$N$10,"tdk tuntas","tuntas") -> tdk tuntas | L55: =IF(J55<=39.9,"80",IF(J55<=59.9,"81",IF(J55<=69.9,"82",IF(J55<=74.9,"83",IF(J55<=78.9,"84",IF(J55<=78.9,"85",IF(J55>=78.9,J55," "))))))) -> 80 | Q55: =C55 -> Abid Lionel Abdillah | R55: =IF(I55<$N$10,"80","") -> 80
A56: 2 | C56: =DATA!D11 -> Aditria Bintang Mustofa | D56: 30 | I56: =SUM(D56:H56) -> 30 | J56: =I56 -> 30 | K56: =IF(J56<$N$10,"tdk tuntas","tuntas") -> tdk tuntas | L56: =IF(J56<=39.9,"80",IF(J56<=59.9,"81",IF(J56<=69.9,"82",IF(J56<=74.9,"83",IF(J56<=78.9,"84",IF(J56<=78.9,"85",IF(J56>=78.9,J56," "))))))) -> 80 | Q56: =C56 -> Aditria Bintang Mustofa | R56: =IF(I56<$N$10,"81","") -> 81 | S56: PERBAIKAN
A57: 3 | C57: =DATA!D12 -> Agni Wulan Pramesti | D57: 30 | I57: =SUM(D57:H57) -> 30 | J57: =I57 -> 30 | K57: =IF(J57<$N$10,"tdk tuntas","tuntas") -> tdk tuntas | L57: =IF(J57<=39.9,"80",IF(J57<=59.9,"81",IF(J57<=69.9,"82",IF(J57<=74.9,"83",IF(J57<=78.9,"84",IF(J57<=78.9,"85",IF(J57>=78.9,J57," "))))))) -> 80 | M57: KKM | N57: =N10 -> 80 | Q57: =C57 -> Agni Wulan Pramesti | R57: =IF(I57<$N$10,"81","") -> 81
A58: 4 | C58: =DATA!D13 -> Ahmad Irfan Annadif | D58: 20 | I58: =SUM(D58:H58) -> 20 | J58: =I58 -> 20 | K58: =IF(J58<$N$10,"tdk tuntas","tuntas") -> tdk tuntas | L58: =IF(J58<=39.9,"80",IF(J58<=59.9,"81",IF(J58<=69.9,"82",IF(J58<=74.9,"83",IF(J58<=78.9,"84",IF(J58<=78.9,"85",IF(J58>=78.9,J58," "))))))) -> 80 | Q58: =C58 -> Ahmad Irfan Annadif | R58: =IF(I58<$N$10,"84","") -> 84 | T58: Membuat rangkuman
A59: 5 | C59: =DATA!D14 -> Alesha Najwa Adelia | D59: 35 | I59: =SUM(D59:H59) -> 35 | J59: =I59 -> 35 | K59: =IF(J59<$N$10,"tdk tuntas","tuntas") -> tdk tuntas | L59: =IF(J59<=39.9,"80",IF(J59<=59.9,"81",IF(J59<=69.9,"82",IF(J59<=74.9,"83",IF(J59<=78.9,"84",IF(J59<=78.9,"85",IF(J59>=78.9,J59," "))))))) -> 80 | Q59: =C59 -> Alesha Najwa Adelia | R59: =IF(I59<$N$10,"87","") -> 87 | S59: v | T59: Menbuat soal
A60: 6 | C60: =DATA!D15 -> Ana Kharisma Wardani | D60: 70 | I60: =SUM(D60:H60) -> 70 | J60: =I60 -> 70 | K60: =IF(J60<$N$10,"tdk tuntas","tuntas") -> tdk tuntas | L60: =IF(J60<=39.9,"80",IF(J60<=59.9,"81",IF(J60<=69.9,"82",IF(J60<=74.9,"83",IF(J60<=78.9,"84",IF(J60<=78.9,"85",IF(J60>=78.9,J60," "))))))) -> 83 | M60: Hasil Analisa | Q60: =C60 -> Ana Kharisma Wardani | R60: =IF(I60<$N$10,"82","") -> 82 | T60: dan penyelesaiannya
A61: 7 | C61: =DATA!D16 -> Angga Rizki Satriya Utama | D61: 30 | I61: =SUM(D61:H61) -> 30 | J61: =I61 -> 30 | K61: =IF(J61<$N$10,"tdk tuntas","tuntas") -> tdk tuntas | L61: =IF(J61<=39.9,"80",IF(J61<=59.9,"81",IF(J61<=69.9,"82",IF(J61<=74.9,"83",IF(J61<=78.9,"84",IF(J61<=78.9,"85",IF(J61>=78.9,J61," "))))))) -> 80 | Q61: =C61 -> Angga Rizki Satriya Utama | R61: =IF(I61<$N$10,"80","") -> 80 | T61: Mengerjakan soal
A62: 8 | C62: =DATA!D17 -> Ardiyan Vebri Pratama | D62: 35 | I62: =SUM(D62:H62) -> 35 | J62: =I62 -> 35 | K62: =IF(J62<$N$10,"tdk tuntas","tuntas") -> tdk tuntas | L62: =IF(J62<=39.9,"80",IF(J62<=59.9,"81",IF(J62<=69.9,"82",IF(J62<=74.9,"83",IF(J62<=78.9,"84",IF(J62<=78.9,"85",IF(J62>=78.9,J62," "))))))) -> 80 | M62: a. Tuntas Klasikal | Q62: =C62 -> Ardiyan Vebri Pratama | R62: =IF(I62<$N$10,"84","") -> 84 | T62: dengan bobot sama
A63: 9 | C63: =DATA!D18 -> Aurel Azza Adellia Putri | D63: 35 | I63: =SUM(D63:H63) -> 35 | J63: =I63 -> 35 | K63: =IF(J63<$N$10,"tdk tuntas","tuntas") -> tdk tuntas | L63: =IF(J63<=39.9,"80",IF(J63<=59.9,"81",IF(J63<=69.9,"82",IF(J63<=74.9,"83",IF(J63<=78.9,"84",IF(J63<=78.9,"85",IF(J63>=78.9,J63," "))))))) -> 80 | Q63: =C63 -> Aurel Azza Adellia Putri | R63: =IF(I63<$N$10,"88","") -> 88
A64: 10 | C64: =DATA!D19 -> Darasti Keyshafa Azumi | D64: 35 | I64: =SUM(D64:H64) -> 35 | J64: =I64 -> 35 | K64: =IF(J64<$N$10,"tdk tuntas","tuntas") -> tdk tuntas | L64: =IF(J64<=39.9,"80",IF(J64<=59.9,"81",IF(J64<=69.9,"82",IF(J64<=74.9,"83",IF(J64<=78.9,"84",IF(J64<=78.9,"85",IF(J64>=78.9,J64," "))))))) -> 80 | Q64: =C64 -> Darasti Keyshafa Azumi | R64: =IF(I64<$N$10,"85","") -> 85 | S64: PENGAYAAN
A65: 11 | C65: =DATA!D20 -> Dea Resti Lian Dana Sari | D65: 15 | I65: =SUM(D65:H65) -> 15 | J65: =I65 -> 15 | K65: =IF(J65<$N$10,"tdk tuntas","tuntas") -> tdk tuntas | L65: =IF(J65<=39.9,"80",IF(J65<=59.9,"81",IF(J65<=69.9,"82",IF(J65<=74.9,"83",IF(J65<=78.9,"84",IF(J65<=78.9,"85",IF(J65>=78.9,J65," "))))))) -> 80 | Q65: =C65 -> Dea Resti Lian Dana Sari | R65: =IF(I65<$N$10,"85","") -> 85
A66: 12 | C66: =DATA!D21 -> Desta Dwi Lestari | D66: 35 | I66: =SUM(D66:H66) -> 35 | J66: =I66 -> 35 | K66: =IF(J66<$N$10,"tdk tuntas","tuntas") -> tdk tuntas | L66: =IF(J66<=39.9,"80",IF(J66<=59.9,"81",IF(J66<=69.9,"82",IF(J66<=74.9,"83",IF(J66<=78.9,"84",IF(J66<=78.9,"85",IF(J66>=78.9,J66," "))))))) -> 80 | M66: Banyak siswa seluruhnya | N66: =K93 -> 32 | Q66: =C66 -> Desta Dwi Lestari | R66: =IF(I66<$N$10,"85","") -> 85 | S66: V | T66: Menyelesaikan soal soal
A67: 13 | C67: =DATA!D22 -> Faaz Nizzar Ardiansyah | D67: 25 | I67: =SUM(D67:H67) -> 25 | J67: =I67 -> 25 | K67: =IF(J67<$N$10,"tdk tuntas","tuntas") -> tdk tuntas | L67: =IF(J67<=39.9,"80",IF(J67<=59.9,"81",IF(J67<=69.9,"82",IF(J67<=74.9,"83",IF(J67<=78.9,"84",IF(J67<=78.9,"85",IF(J67>=78.9,J67," "))))))) -> 80 | M67: Banyak siswa yg tuntas | N67: =K91 -> 0 | Q67: =C67 -> Faaz Nizzar Ardiansyah | R67: =IF(I67<$N$10,"85","") -> 85 | T67: pengayaan
A68: 14 | C68: =DATA!D23 -> Hazel Javier Ozora | D68: 45 | I68: =SUM(D68:H68) -> 45 | J68: =I68 -> 45 | K68: =IF(J68<$N$10,"tdk tuntas","tuntas") -> tdk tuntas | L68: =IF(J68<=39.9,"80",IF(J68<=59.9,"81",IF(J68<=69.9,"82",IF(J68<=74.9,"83",IF(J68<=78.9,"84",IF(J68<=78.9,"85",IF(J68>=78.9,J68," "))))))) -> 81 | M68: Prosentase ketuntasan | N68: =N67/N66*100 -> 0 | O68: % | Q68: =C68 -> Hazel Javier Ozora | R68: =IF(I68<$N$10,"85","") -> 85 | T68: Mempelajari materi / KD
A69: 15 | C69: =DATA!D24 -> Indika Dwi Laksono | D69: 35 | I69: =SUM(D69:H69) -> 35 | J69: =I69 -> 35 | K69: =IF(J69<$N$10,"tdk tuntas","tuntas") -> tdk tuntas | L69: =IF(J69<=39.9,"80",IF(J69<=59.9,"81",IF(J69<=69.9,"82",IF(J69<=74.9,"83",IF(J69<=78.9,"84",IF(J69<=78.9,"85",IF(J69>=78.9,J69," "))))))) -> 80 | Q69: =C69 -> Indika Dwi Laksono | R69: =IF(I69<$N$10,"85","") -> 85 | T69: berikutnya
A70: 16 | C70: =DATA!D25 -> Indra Rahma Azzahra | D70: 50 | I70: =SUM(D70:H70) -> 50 | J70: =I70 -> 50 | K70: =IF(J70<$N$10,"tdk tuntas","tuntas") -> tdk tuntas | L70: =IF(J70<=39.9,"80",IF(J70<=59.9,"81",IF(J70<=69.9,"82",IF(J70<=74.9,"83",IF(J70<=78.9,"84",IF(J70<=78.9,"85",IF(J70>=78.9,J70," "))))))) -> 81 | M70: b. Tuntas Individu | Q70: =C70 -> Indra Rahma Azzahra | R70: =IF(I70<$N$10,"84","") -> 84
A71: 17 | C71: =DATA!D26 -> Lutfia Asri Wahyuni | D71: 25 | I71: =SUM(D71:H71) -> 25 | J71: =I71 -> 25 | K71: =IF(J71<$N$10,"tdk tuntas","tuntas") -> tdk tuntas | L71: =IF(J71<=39.9,"80",IF(J71<=59.9,"81",IF(J71<=69.9,"82",IF(J71<=74.9,"83",IF(J71<=78.9,"84",IF(J71<=78.9,"85",IF(J71>=78.9,J71," "))))))) -> 80 | Q71: =C71 -> Lutfia Asri Wahyuni | R71: =IF(I71<$N$10,"82","") -> 82 | T71: Guru Mata Pelajaran
A72: 18 | C72: =DATA!D27 -> Muhamad Fadil Khoiri | D72: 40 | I72: =SUM(D72:H72) -> 40 | J72: =I72 -> 40 | K72: =IF(J72<$N$10,"tdk tuntas","tuntas") -> tdk tuntas | L72: =IF(J72<=39.9,"80",IF(J72<=59.9,"81",IF(J72<=69.9,"82",IF(J72<=74.9,"83",IF(J72<=78.9,"84",IF(J72<=78.9,"85",IF(J72>=78.9,J72," "))))))) -> 81 | Q72: =C72 -> Muhamad Fadil Khoiri | R72: =IF(I72<$N$10,"82","") -> 82
A73: 19 | C73: =DATA!D28 -> Muhammad Aqil Mufid | D73: 30 | I73: =SUM(D73:H73) -> 30 | J73: =I73 -> 30 | K73: =IF(J73<$N$10,"tdk tuntas","tuntas") -> tdk tuntas | L73: =IF(J73<=39.9,"80",IF(J73<=59.9,"81",IF(J73<=69.9,"82",IF(J73<=74.9,"83",IF(J73<=78.9,"84",IF(J73<=78.9,"85",IF(J73>=78.9,J73," "))))))) -> 80 | Q73: =C73 -> Muhammad Aqil Mufid | R73: =IF(I73<$N$10,"82","") -> 82
A74: 20 | C74: =DATA!D29 -> Muhammad Danish Alzydan | D74: 35 | I74: =SUM(D74:H74) -> 35 | J74: =I74 -> 35 | K74: =IF(J74<$N$10,"tdk tuntas","tuntas") -> tdk tuntas | L74: =IF(J74<=39.9,"80",IF(J74<=59.9,"81",IF(J74<=69.9,"82",IF(J74<=74.9,"83",IF(J74<=78.9,"84",IF(J74<=78.9,"85",IF(J74>=78.9,J74," "))))))) -> 80 | M74: Juml nilai perolehan sw | N74: =I91 -> 1140 | Q74: =C74 -> Muhammad Danish Alzydan | R74: =IF(I74<$N$10,"82","") -> 82
A75: 21 | C75: =DATA!D30 -> Muhammad Nurul Huda | D75: 35 | I75: =SUM(D75:H75) -> 35 | J75: =I75 -> 35 | K75: =IF(J75<$N$10,"tdk tuntas","tuntas") -> tdk tuntas | L75: =IF(J75<=39.9,"80",IF(J75<=59.9,"81",IF(J75<=69.9,"82",IF(J75<=74.9,"83",IF(J75<=78.9,"84",IF(J75<=78.9,"85",IF(J75>=78.9,J75," "))))))) -> 80 | M75: Juml nili seluruhnya | N75: =I92 -> 3200 | Q75: =C75 -> Muhammad Nurul Huda | R75: =IF(I75<$N$10,"82","") -> 82 | T75: =DATA!B3 -> KASMIN, S.Pd
A76: 22 | C76: =DATA!D31 -> Nada Aprillia Zulfa Fairuz | D76: 45 | I76: =SUM(D76:H76) -> 45 | J76: =I76 -> 45 | K76: =IF(J76<$N$10,"tdk tuntas","tuntas") -> tdk tuntas | L76: =IF(J76<=39.9,"80",IF(J76<=59.9,"81",IF(J76<=69.9,"82",IF(J76<=74.9,"83",IF(J76<=78.9,"84",IF(J76<=78.9,"85",IF(J76>=78.9,J76," "))))))) -> 81 | M76: Prosentase ketuntasan | N76: =N74/N75*100 -> 35.625 | O76: % | Q76: =C76 -> Nada Aprillia Zulfa Fairuz | R76: =IF(I76<$N$10,"82","") -> 82 | T76: =DATA!B4 -> NIP : 196609141990031007
A77: 23 | C77: =DATA!D32 -> Nadaa Fadiyah Salsabila | D77: 20 | I77: =SUM(D77:H77) -> 20 | J77: =I77 -> 20 | K77: =IF(J77<$N$10,"tdk tuntas","tuntas") -> tdk tuntas | L77: =IF(J77<=39.9,"80",IF(J77<=59.9,"81",IF(J77<=69.9,"82",IF(J77<=74.9,"83",IF(J77<=78.9,"84",IF(J77<=78.9,"85",IF(J77>=78.9,J77," "))))))) -> 80 | Q77: =C77 -> Nadaa Fadiyah Salsabila | R77: =IF(I77<$N$10,"82","") -> 82
A78: 24 | C78: =DATA!D33 -> Nayla Oriza Shatifa | D78: 45 | I78: =SUM(D78:H78) -> 45 | J78: =I78 -> 45 | K78: =IF(J78<$N$10,"tdk tuntas","tuntas") -> tdk tuntas | L78: =IF(J78<=39.9,"80",IF(J78<=59.9,"81",IF(J78<=69.9,"82",IF(J78<=74.9,"83",IF(J78<=78.9,"84",IF(J78<=78.9,"85",IF(J78>=78.9,J78," "))))))) -> 81 | Q78: =C78 -> Nayla Oriza Shatifa | R78: =IF(I78<$N$10,"85","") -> 85 | T78: Kepala Sekolah
A79: 25 | C79: =DATA!D34 -> Raditya Eka Putra Yudha | D79: 60 | I79: =SUM(D79:H79) -> 60 | J79: =I79 -> 60 | K79: =IF(J79<$N$10,"tdk tuntas","tuntas") -> tdk tuntas | L79: =IF(J79<=39.9,"80",IF(J79<=59.9,"81",IF(J79<=69.9,"82",IF(J79<=74.9,"83",IF(J79<=78.9,"84",IF(J79<=78.9,"85",IF(J79>=78.9,J79," "))))))) -> 82 | M79: Daya serap klasikal : | Q79: =C79 -> Raditya Eka Putra Yudha | R79: =IF(I79<$N$10,"81","") -> 81
A80: 26 | C80: =DATA!D35 -> Ragil Harlangga | D80: 40 | I80: =SUM(D80:H80) -> 40 | J80: =I80 -> 40 | K80: =IF(J80<$N$10,"tdk tuntas","tuntas") -> tdk tuntas | L80: =IF(J80<=39.9,"80",IF(J80<=59.9,"81",IF(J80<=69.9,"82",IF(J80<=74.9,"83",IF(J80<=78.9,"84",IF(J80<=78.9,"85",IF(J80>=78.9,J80," "))))))) -> 81 | M80: Suatu kls dinytkn tuntas | Q80: =C80 -> Ragil Harlangga | R80: =IF(I80<$N$10,"82","") -> 82
A81: 27 | C81: =DATA!D36 -> Rasya Hidayatullah Putra Zatmiko | D81: 35 | I81: =SUM(D81:H81) -> 35 | J81: =I81 -> 35 | K81: =IF(J81<$N$10,"tdk tuntas","tuntas") -> tdk tuntas | L81: =IF(J81<=39.9,"80",IF(J81<=59.9,"81",IF(J81<=69.9,"82",IF(J81<=74.9,"83",IF(J81<=78.9,"84",IF(J81<=78.9,"85",IF(J81>=78.9,J81," "))))))) -> 80 | M81: banyak siswa tts ≥ 85% | Q81: =C81 -> Rasya Hidayatullah Putra Zatmiko | R81: =IF(I81<$N$10,"82","") -> 82
A82: 28 | C82: =DATA!D37 -> Septiyana Trihapsari | D82: 30 | I82: =SUM(D82:H82) -> 30 | J82: =I82 -> 30 | K82: =IF(J82<$N$10,"tdk tuntas","tuntas") -> tdk tuntas | L82: =IF(J82<=39.9,"80",IF(J82<=59.9,"81",IF(J82<=69.9,"82",IF(J82<=74.9,"83",IF(J82<=78.9,"84",IF(J82<=78.9,"85",IF(J82>=78.9,J82," "))))))) -> 80 | Q82: =C82 -> Septiyana Trihapsari | R82: =IF(I82<$N$10,"81","") -> 81
A83: 29 | C83: =DATA!D38 -> Syarifa Fatma | D83: 35 | I83: =SUM(D83:H83) -> 35 | J83: =I83 -> 35 | K83: =IF(J83<$N$10,"tdk tuntas","tuntas") -> tdk tuntas | L83: =IF(J83<=39.9,"80",IF(J83<=59.9,"81",IF(J83<=69.9,"82",IF(J83<=74.9,"83",IF(J83<=78.9,"84",IF(J83<=78.9,"85",IF(J83>=78.9,J83," "))))))) -> 80 | Q83: =C83 -> Syarifa Fatma | R83: =IF(I83<$N$10,"85","") -> 85
A84: 30 | C84: =DATA!D39 -> Syauqi Lazuardi | D84: 40 | I84: =SUM(D84:H84) -> 40 | J84: =I84 -> 40 | K84: =IF(J84<$N$10,"tdk tuntas","tuntas") -> tdk tuntas | L84: =IF(J84<=39.9,"80",IF(J84<=59.9,"81",IF(J84<=69.9,"82",IF(J84<=74.9,"83",IF(J84<=78.9,"84",IF(J84<=78.9,"85",IF(J84>=78.9,J84," "))))))) -> 81 | Q84: =C84 -> Syauqi Lazuardi | R84: =IF(I84<$N$10,"84","") -> 84 | T84: =DATA!D3 -> Dra. BAROKAH GUNIARTI
A85: 31 | C85: =DATA!D40 -> Zakya Ninu Azzahra | D85: 50 | I85: =SUM(D85:H85) -> 50 | J85: =I85 -> 50 | K85: =IF(J85<$N$10,"tdk tuntas","tuntas") -> tdk tuntas | L85: =IF(J85<=39.9,"80",IF(J85<=59.9,"81",IF(J85<=69.9,"82",IF(J85<=74.9,"83",IF(J85<=78.9,"84",IF(J85<=78.9,"85",IF(J85>=78.9,J85," "))))))) -> 81 | M85: Kesimpulan : | Q85: =C85 -> Zakya Ninu Azzahra | R85: =IF(I85<$N$10,"84","") -> 84 | T85: =DATA!D4 -> NIP : 196901081996122004
A86: 32 | C86: =DATA!D41 -> Zivara Layly Amaratungga | D86: 15 | I86: =SUM(D86:H86) -> 15 | J86: =I86 -> 15 | K86: =IF(J86<$N$10,"tdk tuntas","tuntas") -> tdk tuntas | L86: =IF(J86<=39.9,"80",IF(J86<=59.9,"81",IF(J86<=69.9,"82",IF(J86<=74.9,"83",IF(J86<=78.9,"84",IF(J86<=78.9,"85",IF(J86>=78.9,J86," "))))))) -> 80 | Q86: =C86 -> Zivara Layly Amaratungga
A87: 33 | M87: Perlu perbaikan siswa-siswa
A88: 34 | M88: yang nilainya < KKM.
A89: 35 | M89: atau yang tidak tuntas
A90: Rataan | I90: =AVERAGE(I55:I89) -> 35.625 | R90: =C51 -> 9B
A91: Jumlah scor | D91: =SUM(D55:D89) -> 1140 | E91: =SUM(E55:E89) -> 0 | F91: =SUM(F55:F89) -> 0 | G91: =SUM(G55:G89) -> 0 | H91: =SUM(H55:H89) -> 0 | I91: =SUM(D91:H91) -> 1140 | J91: tuntas | K91: =COUNTIF(K55:K89,J91) -> 0
A92: Scor maksimum | D92: =D53*K93 -> 640 | E92: =E53*K93 -> 640 | F92: =F53*K93 -> 960 | G92: =G53*K93 -> 960 | H92: =H53*K93 -> 0 | I92: =SUM(D92:H92) -> 3200 | J92: tdk tuntas | K92: =COUNTIF(K55:K89,J92) -> 32
A93: Prosentase Pencapaian | D93: =D91/D92*100 -> 178.125 | E93: =E91/E92*100 -> 0 | F93: =F91/F92*100 -> 0 | G93: =G91/G92*100 -> 0 | H93: =H91/H92*100 -> #DIV/0! | I93: =I91/I92*100 -> 35.625 | J93: Juml | K93: =SUM(K91:K92) -> 32
A95: ='UH1'!A95 -> ANALISA HASIL PH MATEMATIKA KLS IX SMT GENAP | Q95: PROGRAM DAN PELAKSANAAN
A96: =A49 -> SMP I LIMBANGAN TH 2025/2026 | Q96: PERBAIKAN / PENGAYAAN
A98: KLS | C98: =DATA!F8 -> 9C | D98: PH ke : | F98: =F4 -> 2 | I98: Tanggal : | K98: 45938 | M98: SK no : | N98: =N4 -> 2 | Q98: Waktu pelaksanaan : | R98: =K98+7 -> 45945
C99: No Soal | D99: 1 | E99: 2 | F99: 3 | G99: 4 | H99: 5 | I99: JUM | J99: % | K99: KETUN | L99: NILAI | M99: KETERANGAN | R99: HASIL
A100: NO | B100: NIS | C100: Scor | D100: =D53 -> 20 | E100: =E53 -> 20 | F100: =F53 -> 30 | G100: =G53 -> 30 | H100: =H53 -> 0 | I100: =SUM(D100:H100) -> 100 | J100: Keter | K100: TASAN | L100: SETLH | Q100: NAMA | R100: PERBK | S100: URAIAN PROGRAM
C101: NAMA | J101: capaian | L101: PERBKN | R101: PGYAAN
A102: 1 | C102: =DATA!F10 -> Ahmad Husain | D102: 40 | I102: =SUM(D102:H102) -> 40 | J102: =I102 -> 40 | K102: =IF(J102<$N$10,"tdk tuntas","tuntas") -> tdk tuntas | L102: =IF(J102<=39.9,"80",IF(J102<=59.9,"81",IF(J102<=69.9,"82",IF(J102<=74.9,"83",IF(J102<=78.9,"84",IF(J102<=78.9,"85",IF(J102>=78.9,J102," "))))))) -> 81 | Q102: =C102 -> Ahmad Husain | R102: =IF(I102<$N$10,"80","") -> 80
A103: 2 | C103: =DATA!F11 -> Albeth Christian F. | D103: 35 | I103: =SUM(D103:H103) -> 35 | J103: =I103 -> 35 | K103: =IF(J103<$N$10,"tdk tuntas","tuntas") -> tdk tuntas | L103: =IF(J103<=39.9,"80",IF(J103<=59.9,"81",IF(J103<=69.9,"82",IF(J103<=74.9,"83",IF(J103<=78.9,"84",IF(J103<=78.9,"85",IF(J103>=78.9,J103," "))))))) -> 80 | Q103: =C104 -> Alfino Kurniawan | R103: =IF(I103<$N$10,"81","") -> 81 | S103: PERBAIKAN
A104: 3 | C104: =DATA!F12 -> Alfino Kurniawan | D104: 30 | I104: =SUM(D104:H104) -> 30 | J104: =I104 -> 30 | K104: =IF(J104<$N$10,"tdk tuntas","tuntas") -> tdk tuntas | L104: =IF(J104<=39.9,"80",IF(J104<=59.9,"81",IF(J104<=69.9,"82",IF(J104<=74.9,"83",IF(J104<=78.9,"84",IF(J104<=78.9,"85",IF(J104>=78.9,J104," "))))))) -> 80 | M104: KKM | N104: =N10 -> 80 | Q104: =C105 -> Alif Jalu Adil | R104: =IF(I104<$N$10,"81","") -> 81
A105: 4 | C105: =DATA!F13 -> Alif Jalu Adil | D105: 65 | I105: =SUM(D105:H105) -> 65 | J105: =I105 -> 65 | K105: =IF(J105<$N$10,"tdk tuntas","tuntas") -> tdk tuntas | L105: =IF(J105<=39.9,"80",IF(J105<=59.9,"81",IF(J105<=69.9,"82",IF(J105<=74.9,"83",IF(J105<=78.9,"84",IF(J105<=78.9,"85",IF(J105>=78.9,J105," "))))))) -> 82 | Q105: =C106 -> Almira Tian Az Zahra | R105: =IF(I105<$N$10,"84","") -> 84 | T105: Membuat rangkuman
...

Sheet UH3
A1: ='UH1'!A1 -> ANALISA HASIL PH MATEMATIKA KLS IX SMT GENAP | Q1: PROGRAM DAN PELAKSANAAN
A2: ='UH1'!A2 -> SMP I LIMBANGAN TH 2025/2026 | Q2: PERBAIKAN / PENGAYAAN
A4: KLS | C4: =DATA!B8 -> 9A | D4: UH ke : | F4: 3 | I4: Tanggal : | K4: 45971 | M4: SK no : | N4: 3 | Q4: Waktu pelaksanaan : | R4: =K4+7 -> 45978
C5: No Soal | D5: 1 | E5: 2 | F5: 3 | G5: 4 | H5: 5 | I5: JUM | J5: % | K5: KETUN | L5: NILAI | M5: KETERANGAN | R5: HASIL
A6: NO | B6: NIS | C6: Scor | D6: 20 | E6: 20 | F6: 20 | G6: 20 | H6: 20 | I6: =SUM(D6:H6) -> 100 | J6: Keter | K6: TASAN | L6: SETLH | Q6: NAMA | R6: PERBK | S6: URAIAN PROGRAM
C7: NAMA | J7: capaian | L7: PERBKN | R7: PGYAAN
A8: 1 | C8: =DATA!B10 -> Affan Bagus Ramadhani | I8: =SUM(D8:H8) -> 0 | J8: =I8 -> 0 | K8: =IF(J8<$N$10,"tdk tuntas","tuntas") -> tdk tuntas | L8: =IF(J8<=39.9,"80",IF(J8<=59.9,"81",IF(J8<=69.9,"82",IF(J8<=74.9,"83",IF(J8<=78.9,"84",IF(J8<=78.9,"85",IF(J8>=78.9,J8," "))))))) -> 80 | Q8: =C8 -> Affan Bagus Ramadhani | R8: =IF(I8<$N$10,"80","") -> 80
A9: 2 | C9: =DATA!B11 -> Affansa Rayya Assalafi | I9: =SUM(D9:H9) -> 0 | J9: =I9 -> 0 | K9: =IF(J9<$N$10,"tdk tuntas","tuntas") -> tdk tuntas | L9: =IF(J9<=39.9,"80",IF(J9<=59.9,"81",IF(J9<=69.9,"82",IF(J9<=74.9,"83",IF(J9<=78.9,"84",IF(J9<=78.9,"85",IF(J9>=78.9,J9," "))))))) -> 80 | Q9: =C9 -> Affansa Rayya Assalafi | R9: =IF(I9<$N$10,"81","") -> 81 | S9: PERBAIKAN
A10: 3 | C10: =DATA!B12 -> Agel Fransiska | I10: =SUM(D10:H10) -> 0 | J10: =I10 -> 0 | K10: =IF(J10<$N$10,"tdk tuntas","tuntas") -> tdk tuntas | L10: =IF(J10<=39.9,"80",IF(J10<=59.9,"81",IF(J10<=69.9,"82",IF(J10<=74.9,"83",IF(J10<=78.9,"84",IF(J10<=78.9,"85",IF(J10>=78.9,J10," "))))))) -> 80 | M10: KKM | N10: =DATA!F4 -> 80 | Q10: =C10 -> Agel Fransiska | R10: =IF(I10<$N$10,"81","") -> 81
A11: 4 | C11: =DATA!B13 -> Alfin Putra Firmansyah | I11: =SUM(D11:H11) -> 0 | J11: =I11 -> 0 | K11: =IF(J11<$N$10,"tdk tuntas","tuntas") -> tdk tuntas | L11: =IF(J11<=39.9,"80",IF(J11<=59.9,"81",IF(J11<=69.9,"82",IF(J11<=74.9,"83",IF(J11<=78.9,"84",IF(J11<=78.9,"85",IF(J11>=78.9,J11," "))))))) -> 80 | Q11: =C11 -> Alfin Putra Firmansyah | R11: =IF(I11<$N$10,"84","") -> 84 | T11: Membuat rangkuman
A12: 5 | C12: =DATA!B14 -> Almira Sadia Qonitah | I12: =SUM(D12:H12) -> 0 | J12: =I12 -> 0 | K12: =IF(J12<$N$10,"tdk tuntas","tuntas") -> tdk tuntas | L12: =IF(J12<=39.9,"80",IF(J12<=59.9,"81",IF(J12<=69.9,"82",IF(J12<=74.9,"83",IF(J12<=78.9,"84",IF(J12<=78.9,"85",IF(J12>=78.9,J12," "))))))) -> 80 | Q12: =C12 -> Almira Sadia Qonitah | R12: =IF(I12<$N$10,"87","") -> 87 | T12: Menbuat soal
A13: 6 | C13: =DATA!B15 -> Arif Perdana Putra | I13: =SUM(D13:H13) -> 0 | J13: =I13 -> 0 | K13: =IF(J13<$N$10,"tdk tuntas","tuntas") -> tdk tuntas | L13: =IF(J13<=39.9,"80",IF(J13<=59.9,"81",IF(J13<=69.9,"82",IF(J13<=74.9,"83",IF(J13<=78.9,"84",IF(J13<=78.9,"85",IF(J13>=78.9,J13," "))))))) -> 80 | M13: Hasil Analisa | Q13: =C13 -> Arif Perdana Putra | R13: =IF(I13<$N$10,"82","") -> 82 | T13: dan penyelesaiannya
A14: 7 | C14: =DATA!B16 -> Asifa Nariyati | I14: =SUM(D14:H14) -> 0 | J14: =I14 -> 0 | K14: =IF(J14<$N$10,"tdk tuntas","tuntas") -> tdk tuntas | L14: =IF(J14<=39.9,"80",IF(J14<=59.9,"81",IF(J14<=69.9,"82",IF(J14<=74.9,"83",IF(J14<=78.9,"84",IF(J14<=78.9,"85",IF(J14>=78.9,J14," "))))))) -> 80 | Q14: =C14 -> Asifa Nariyati | R14: =IF(I14<$N$10,"80","") -> 80 | S14: v | T14: Mengerjakan soal
A15: 8 | C15: =DATA!B17 -> Calvin Mandala Putra | I15: =SUM(D15:H15) -> 0 | J15: =I15 -> 0 | K15: =IF(J15<$N$10,"tdk tuntas","tuntas") -> tdk tuntas | L15: =IF(J15<=39.9,"80",IF(J15<=59.9,"81",IF(J15<=69.9,"82",IF(J15<=74.9,"83",IF(J15<=78.9,"84",IF(J15<=78.9,"85",IF(J15>=78.9,J15," "))))))) -> 80 | M15: a. Tuntas Klasikal | Q15: =C15 -> Calvin Mandala Putra | R15: =IF(I15<$N$10,"84","") -> 84 | T15: dengan bobot sama
A16: 9 | C16: =DATA!B18 -> Decha Rifqoh Alma Dhini | I16: =SUM(D16:H16) -> 0 | J16: =I16 -> 0 | K16: =IF(J16<$N$10,"tdk tuntas","tuntas") -> tdk tuntas | L16: =IF(J16<=39.9,"80",IF(J16<=59.9,"81",IF(J16<=69.9,"82",IF(J16<=74.9,"83",IF(J16<=78.9,"84",IF(J16<=78.9,"85",IF(J16>=78.9,J16," "))))))) -> 80 | Q16: =C16 -> Decha Rifqoh Alma Dhini | R16: =IF(I16<$N$10,"88","") -> 88
A17: 10 | C17: =DATA!B19 -> Fathir Hibatullah Harahap | I17: =SUM(D17:H17) -> 0 | J17: =I17 -> 0 | K17: =IF(J17<$N$10,"tdk tuntas","tuntas") -> tdk tuntas | L17: =IF(J17<=39.9,"80",IF(J17<=59.9,"81",IF(J17<=69.9,"82",IF(J17<=74.9,"83",IF(J17<=78.9,"84",IF(J17<=78.9,"85",IF(J17>=78.9,J17," "))))))) -> 80 | Q17: =C17 -> Fathir Hibatullah Harahap | R17: =IF(I17<$N$10,"85","") -> 85 | S17: PENGAYAAN
A18: 11 | C18: =DATA!B20 -> Gendhis Putri Ayreanti | I18: =SUM(D18:H18) -> 0 | J18: =I18 -> 0 | K18: =IF(J18<$N$10,"tdk tuntas","tuntas") -> tdk tuntas | L18: =IF(J18<=39.9,"80",IF(J18<=59.9,"81",IF(J18<=69.9,"82",IF(J18<=74.9,"83",IF(J18<=78.9,"84",IF(J18<=78.9,"85",IF(J18>=78.9,J18," "))))))) -> 80 | Q18: =C18 -> Gendhis Putri Ayreanti | R18: =IF(I18<$N$10,"85","") -> 85
A19: 12 | C19: =DATA!B21 -> Habibi Lazuardi | I19: =SUM(D19:H19) -> 0 | J19: =I19 -> 0 | K19: =IF(J19<$N$10,"tdk tuntas","tuntas") -> tdk tuntas | L19: =IF(J19<=39.9,"80",IF(J19<=59.9,"81",IF(J19<=69.9,"82",IF(J19<=74.9,"83",IF(J19<=78.9,"84",IF(J19<=78.9,"85",IF(J19>=78.9,J19," "))))))) -> 80 | M19: Banyak siswa seluruhnya | N19: =K46 -> 32 | Q19: =C19 -> Habibi Lazuardi | R19: =IF(I19<$N$10,"85","") -> 85 | S19: V | T19: Menyelesaikan soal soal
A20: 13 | C20: =DATA!B22 -> Herina Sasha Rasati | I20: =SUM(D20:H20) -> 0 | J20: =I20 -> 0 | K20: =IF(J20<$N$10,"tdk tuntas","tuntas") -> tdk tuntas | L20: =IF(J20<=39.9,"80",IF(J20<=59.9,"81",IF(J20<=69.9,"82",IF(J20<=74.9,"83",IF(J20<=78.9,"84",IF(J20<=78.9,"85",IF(J20>=78.9,J20," "))))))) -> 80 | M20: Banyak siswa yg tuntas | N20: =K44 -> 0 | Q20: =C20 -> Herina Sasha Rasati | R20: =IF(I20<$N$10,"85","") -> 85 | T20: pengayaan
A21: 14 | C21: =DATA!B23 -> Ivan Adi Saputra | I21: =SUM(D21:H21) -> 0 | J21: =I21 -> 0 | K21: =IF(J21<$N$10,"tdk tuntas","tuntas") -> tdk tuntas | L21: =IF(J21<=39.9,"80",IF(J21<=59.9,"81",IF(J21<=69.9,"82",IF(J21<=74.9,"83",IF(J21<=78.9,"84",IF(J21<=78.9,"85",IF(J21>=78.9,J21," "))))))) -> 80 | M21: Prosentase ketuntasan | N21: =N20/N19*100 -> 0 | O21: % | Q21: =C21 -> Ivan Adi Saputra | R21: =IF(I21<$N$10,"85","") -> 85 | T21: Mempelajari materi / KD
A22: 15 | C22: =DATA!B24 -> Ivander Veda Ardyanta | I22: =SUM(D22:H22) -> 0 | J22: =I22 -> 0 | K22: =IF(J22<$N$10,"tdk tuntas","tuntas") -> tdk tuntas | L22: =IF(J22<=39.9,"80",IF(J22<=59.9,"81",IF(J22<=69.9,"82",IF(J22<=74.9,"83",IF(J22<=78.9,"84",IF(J22<=78.9,"85",IF(J22>=78.9,J22," "))))))) -> 80 | Q22: =C22 -> Ivander Veda Ardyanta | R22: =IF(I22<$N$10,"85","") -> 85 | T22: berikutnya
A23: 16 | C23: =DATA!B25 -> Keysa Lutfi Yana Putri | I23: =SUM(D23:H23) -> 0 | J23: =I23 -> 0 | K23: =IF(J23<$N$10,"tdk tuntas","tuntas") -> tdk tuntas | L23: =IF(J23<=39.9,"80",IF(J23<=59.9,"81",IF(J23<=69.9,"82",IF(J23<=74.9,"83",IF(J23<=78.9,"84",IF(J23<=78.9,"85",IF(J23>=78.9,J23," "))))))) -> 80 | M23: b. Tuntas Individu | Q23: =C23 -> Keysa Lutfi Yana Putri | R23: =IF(I23<$N$10,"84","") -> 84
A24: 17 | C24: =DATA!B26 -> Khanaya Putri Emeyliana | I24: =SUM(D24:H24) -> 0 | J24: =I24 -> 0 | K24: =IF(J24<$N$10,"tdk tuntas","tuntas") -> tdk tuntas | L24: =IF(J24<=39.9,"80",IF(J24<=59.9,"81",IF(J24<=69.9,"82",IF(J24<=74.9,"83",IF(J24<=78.9,"84",IF(J24<=78.9,"85",IF(J24>=78.9,J24," "))))))) -> 80 | Q24: =C24 -> Khanaya Putri Emeyliana | R24: =IF(I24<$N$10,"82","") -> 82 | T24: Guru Mata Pelajaran
A25: 18 | C25: =DATA!B27 -> Khoirul Rodzikin | I25: =SUM(D25:H25) -> 0 | J25: =I25 -> 0 | K25: =IF(J25<$N$10,"tdk tuntas","tuntas") -> tdk tuntas | L25: =IF(J25<=39.9,"80",IF(J25<=59.9,"81",IF(J25<=69.9,"82",IF(J25<=74.9,"83",IF(J25<=78.9,"84",IF(J25<=78.9,"85",IF(J25>=78.9,J25," "))))))) -> 80 | Q25: =C25 -> Khoirul Rodzikin | R25: =IF(I25<$N$10,"82","") -> 82
A26: 19 | C26: =DATA!B28 -> Livia Mozavina | I26: =SUM(D26:H26) -> 0 | J26: =I26 -> 0 | K26: =IF(J26<$N$10,"tdk tuntas","tuntas") -> tdk tuntas | L26: =IF(J26<=39.9,"80",IF(J26<=59.9,"81",IF(J26<=69.9,"82",IF(J26<=74.9,"83",IF(J26<=78.9,"84",IF(J26<=78.9,"85",IF(J26>=78.9,J26," "))))))) -> 80 | Q26: =C26 -> Livia Mozavina | R26: =IF(I26<$N$10,"82","") -> 82
A27: 20 | C27: =DATA!B29 -> Milatul Ulya Azzahra | I27: =SUM(D27:H27) -> 0 | J27: =I27 -> 0 | K27: =IF(J27<$N$10,"tdk tuntas","tuntas") -> tdk tuntas | L27: =IF(J27<=39.9,"80",IF(J27<=59.9,"81",IF(J27<=69.9,"82",IF(J27<=74.9,"83",IF(J27<=78.9,"84",IF(J27<=78.9,"85",IF(J27>=78.9,J27," "))))))) -> 80 | M27: Juml nilai perolehan sw | N27: =I44 -> 0 | Q27: =C27 -> Milatul Ulya Azzahra | R27: =IF(I27<$N$10,"82","") -> 82
A28: 21 | C28: =DATA!B30 -> Muhammad Arif Pratama | I28: =SUM(D28:H28) -> 0 | J28: =I28 -> 0 | K28: =IF(J28<$N$10,"tdk tuntas","tuntas") -> tdk tuntas | L28: =IF(J28<=39.9,"80",IF(J28<=59.9,"81",IF(J28<=69.9,"82",IF(J28<=74.9,"83",IF(J28<=78.9,"84",IF(J28<=78.9,"85",IF(J28>=78.9,J28," "))))))) -> 80 | M28: Juml nili seluruhnya | N28: =I45 -> 3200 | Q28: =C28 -> Muhammad Arif Pratama | R28: =IF(I28<$N$10,"82","") -> 82 | T28: =DATA!B3 -> KASMIN, S.Pd
A29: 22 | C29: =DATA!B31 -> Muhammad Fahri Khoirudin | I29: =SUM(D29:H29) -> 0 | J29: =I29 -> 0 | K29: =IF(J29<$N$10,"tdk tuntas","tuntas") -> tdk tuntas | L29: =IF(J29<=39.9,"80",IF(J29<=59.9,"81",IF(J29<=69.9,"82",IF(J29<=74.9,"83",IF(J29<=78.9,"84",IF(J29<=78.9,"85",IF(J29>=78.9,J29," "))))))) -> 80 | M29: Prosentase ketuntasan | N29: =N27/N28*100 -> 0 | O29: % | Q29: =C29 -> Muhammad Fahri Khoirudin | R29: =IF(I29<$N$10,"82","") -> 82 | T29: =DATA!B4 -> NIP : 196609141990031007
A30: 23 | C30: =DATA!B32 -> Muhammad Rakha Razansyah | I30: =SUM(D30:H30) -> 0 | J30: =I30 -> 0 | K30: =IF(J30<$N$10,"tdk tuntas","tuntas") -> tdk tuntas | L30: =IF(J30<=39.9,"80",IF(J30<=59.9,"81",IF(J30<=69.9,"82",IF(J30<=74.9,"83",IF(J30<=78.9,"84",IF(J30<=78.9,"85",IF(J30>=78.9,J30," "))))))) -> 80 | Q30: =C30 -> Muhammad Rakha Razansyah | R30: =IF(I30<$N$10,"82","") -> 82
A31: 24 | C31: =DATA!B33 -> Mutiara Dewi Khusna | I31: =SUM(D31:H31) -> 0 | J31: =I31 -> 0 | K31: =IF(J31<$N$10,"tdk tuntas","tuntas") -> tdk tuntas | L31: =IF(J31<=39.9,"80",IF(J31<=59.9,"81",IF(J31<=69.9,"82",IF(J31<=74.9,"83",IF(J31<=78.9,"84",IF(J31<=78.9,"85",IF(J31>=78.9,J31," "))))))) -> 80 | Q31: =C31 -> Mutiara Dewi Khusna | R31: =IF(I31<$N$10,"85","") -> 85
A32: 25 | C32: =DATA!B34 -> Qeysya Nabila Maharani | I32: =SUM(D32:H32) -> 0 | J32: =I32 -> 0 | K32: =IF(J32<$N$10,"tdk tuntas","tuntas") -> tdk tuntas | L32: =IF(J32<=39.9,"80",IF(J32<=59.9,"81",IF(J32<=69.9,"82",IF(J32<=74.9,"83",IF(J32<=78.9,"84",IF(J32<=78.9,"85",IF(J32>=78.9,J32," "))))))) -> 80 | M32: Daya serap klasikal : | Q32: =C32 -> Qeysya Nabila Maharani | R32: =IF(I32<$N$10,"81","") -> 81 | T32: Kepala Sekolah
A33: 26 | C33: =DATA!B35 -> Raihan Akbar Ramadhan | I33: =SUM(D33:H33) -> 0 | J33: =I33 -> 0 | K33: =IF(J33<$N$10,"tdk tuntas","tuntas") -> tdk tuntas | L33: =IF(J33<=39.9,"80",IF(J33<=59.9,"81",IF(J33<=69.9,"82",IF(J33<=74.9,"83",IF(J33<=78.9,"84",IF(J33<=78.9,"85",IF(J33>=78.9,J33," "))))))) -> 80 | M33: Suatu kls dinytkn tuntas | Q33: =C33 -> Raihan Akbar Ramadhan | R33: =IF(I33<$N$10,"82","") -> 82
A34: 27 | C34: =DATA!B36 -> Ramadhani | I34: =SUM(D34:H34) -> 0 | J34: =I34 -> 0 | K34: =IF(J34<$N$10,"tdk tuntas","tuntas") -> tdk tuntas | L34: =IF(J34<=39.9,"80",IF(J34<=59.9,"81",IF(J34<=69.9,"82",IF(J34<=74.9,"83",IF(J34<=78.9,"84",IF(J34<=78.9,"85",IF(J34>=78.9,J34," "))))))) -> 80 | M34: banyak siswa tts ≥ 85% | Q34: =C34 -> Ramadhani | R34: =IF(I34<$N$10,"82","") -> 82
A35: 28 | C35: =DATA!B37 -> Rangga Putra Raditya | I35: =SUM(D35:H35) -> 0 | J35: =I35 -> 0 | K35: =IF(J35<$N$10,"tdk tuntas","tuntas") -> tdk tuntas | L35: =IF(J35<=39.9,"80",IF(J35<=59.9,"81",IF(J35<=69.9,"82",IF(J35<=74.9,"83",IF(J35<=78.9,"84",IF(J35<=78.9,"85",IF(J35>=78.9,J35," "))))))) -> 80 | Q35: =C35 -> Rangga Putra Raditya | R35: =IF(I35<$N$10,"81","") -> 81
A36: 29 | C36: =DATA!B38 -> Safa Nasila Anajwa | I36: =SUM(D36:H36) -> 0 | J36: =I36 -> 0 | K36: =IF(J36<$N$10,"tdk tuntas","tuntas") -> tdk tuntas | L36: =IF(J36<=39.9,"80",IF(J36<=59.9,"81",IF(J36<=69.9,"82",IF(J36<=74.9,"83",IF(J36<=78.9,"84",IF(J36<=78.9,"85",IF(J36>=78.9,J36," "))))))) -> 80 | Q36: =C36 -> Safa Nasila Anajwa | R36: =IF(I36<$N$10,"85","") -> 85
A37: 30 | C37: =DATA!B39 -> Sila Ayu Kurnia | I37: =SUM(D37:H37) -> 0 | J37: =I37 -> 0 | K37: =IF(J37<$N$10,"tdk tuntas","tuntas") -> tdk tuntas | L37: =IF(J37<=39.9,"80",IF(J37<=59.9,"81",IF(J37<=69.9,"82",IF(J37<=74.9,"83",IF(J37<=78.9,"84",IF(J37<=78.9,"85",IF(J37>=78.9,J37," "))))))) -> 80 | Q37: =C37 -> Sila Ayu Kurnia | R37: =IF(I37<$N$10,"84","") -> 84 | T37: =DATA!D3 -> Dra. BAROKAH GUNIARTI
A38: 31 | C38: =DATA!B40 -> Sindhi Nandha Lusia | I38: =SUM(D38:H38) -> 0 | J38: =I38 -> 0 | K38: =IF(J38<$N$10,"tdk tuntas","tuntas") -> tdk tuntas | L38: =IF(J38<=39.9,"80",IF(J38<=59.9,"81",IF(J38<=69.9,"82",IF(J38<=74.9,"83",IF(J38<=78.9,"84",IF(J38<=78.9,"85",IF(J38>=78.9,J38," "))))))) -> 80 | M38: Kesimpulan : | Q38: =C38 -> Sindhi Nandha Lusia | R38: =IF(I38<$N$10,"84","") -> 84 | T38: =DATA!D4 -> NIP : 196901081996122004
A39: 32 | C39: =DATA!B41 -> Siti Alfiani | I39: =SUM(D39:H39) -> 0 | J39: =I39 -> 0 | K39: =IF(J39<$N$10,"tdk tuntas","tuntas") -> tdk tuntas | L39: =IF(J39<=39.9,"80",IF(J39<=59.9,"81",IF(J39<=69.9,"82",IF(J39<=74.9,"83",IF(J39<=78.9,"84",IF(J39<=78.9,"85",IF(J39>=78.9,J39," "))))))) -> 80
A40: 33 | M40: Perlu perbaikan siswa-siswa
A41: 34 | M41: yang nilainya < KKM.
A42: 35 | M42: atau yang tidak tuntas
A43: Rataan | I43: =AVERAGE(I8:I42) -> 0 | R43: =C4 -> 9A
A44: Jumlah scor | D44: =SUM(D8:D42) -> 0 | E44: =SUM(E8:E42) -> 0 | F44: =SUM(F8:F42) -> 0 | G44: =SUM(G8:G42) -> 0 | H44: =SUM(H8:H42) -> 0 | I44: =SUM(D44:H44) -> 0 | J44: tuntas | K44: =COUNTIF(K8:K42,J44) -> 0
A45: Scor maksimum | D45: =D6*K46 -> 640 | E45: =E6*K46 -> 640 | F45: =F6*K46 -> 640 | G45: =G6*K46 -> 640 | H45: =H6*K46 -> 640 | I45: =SUM(D45:H45) -> 3200 | J45: tdk tuntas | K45: =COUNTIF(K8:K42,J45) -> 32
A46: Prosentase Pencapaian | D46: =D44/D45*100 -> 0 | E46: =E44/E45*100 -> 0 | F46: =F44/F45*100 -> 0 | G46: =G44/G45*100 -> 0 | H46: =H44/H45*100 -> 0 | I46: =I44/I45*100 -> 0 | J46: Juml | K46: =SUM(K44:K45) -> 32
A48: ='UH1'!A48 -> ANALISA HASIL PH MATEMATIKA KLS IX SMT GENAP | Q48: PROGRAM DAN PELAKSANAAN
A49: =A2 -> SMP I LIMBANGAN TH 2025/2026 | Q49: PERBAIKAN / PENGAYAAN
A51: KLS | C51: =DATA!D8 -> 9B | D51: UH ke : | F51: =F4 -> 3 | I51: Tanggal : | K51: 45966 | M51: SK no : | N51: =N4 -> 3 | Q51: Waktu pelaksanaan : | R51: =K51+7 -> 45973
C52: No Soal | D52: 1 | E52: 2 | F52: 3 | G52: 4 | H52: 5 | I52: JUM | J52: % | K52: KETUN | L52: NILAI | M52: KETERANGAN | R52: HASIL
A53: NO | B53: NIS | C53: Scor | D53: =D6 -> 20 | E53: =E6 -> 20 | F53: =F6 -> 20 | G53: =G6 -> 20 | H53: =H6 -> 20 | I53: =SUM(D53:H53) -> 100 | J53: Keter | K53: TASAN | L53: SETLH | Q53: NAMA | R53: PERBK | S53: URAIAN PROGRAM
C54: NAMA | J54: capaian | L54: PERBKN | R54: PGYAAN
A55: 1 | C55: =DATA!D10 -> Abid Lionel Abdillah | I55: =SUM(D55:H55) -> 0 | J55: =I55 -> 0 | K55: =IF(J55<$N$10,"tdk tuntas","tuntas") -> tdk tuntas | L55: =IF(J55<=39.9,"80",IF(J55<=59.9,"81",IF(J55<=69.9,"82",IF(J55<=74.9,"83",IF(J55<=78.9,"84",IF(J55<=78.9,"85",IF(J55>=78.9,J55," "))))))) -> 80 | Q55: =C55 -> Abid Lionel Abdillah | R55: =IF(I55<$N$10,"80","") -> 80
A56: 2 | C56: =DATA!D11 -> Aditria Bintang Mustofa | I56: =SUM(D56:H56) -> 0 | J56: =I56 -> 0 | K56: =IF(J56<$N$10,"tdk tuntas","tuntas") -> tdk tuntas | L56: =IF(J56<=39.9,"80",IF(J56<=59.9,"81",IF(J56<=69.9,"82",IF(J56<=74.9,"83",IF(J56<=78.9,"84",IF(J56<=78.9,"85",IF(J56>=78.9,J56," "))))))) -> 80 | Q56: =C56 -> Aditria Bintang Mustofa | R56: =IF(I56<$N$10,"81","") -> 81 | S56: PERBAIKAN
A57: 3 | C57: =DATA!D12 -> Agni Wulan Pramesti | I57: =SUM(D57:H57) -> 0 | J57: =I57 -> 0 | K57: =IF(J57<$N$10,"tdk tuntas","tuntas") -> tdk tuntas | L57: =IF(J57<=39.9,"80",IF(J57<=59.9,"81",IF(J57<=69.9,"82",IF(J57<=74.9,"83",IF(J57<=78.9,"84",IF(J57<=78.9,"85",IF(J57>=78.9,J57," "))))))) -> 80 | M57: KKM | N57: =N10 -> 80 | Q57: =C57 -> Agni Wulan Pramesti | R57: =IF(I57<$N$10,"81","") -> 81
A58: 4 | C58: =DATA!D13 -> Ahmad Irfan Annadif | I58: =SUM(D58:H58) -> 0 | J58: =I58 -> 0 | K58: =IF(J58<$N$10,"tdk tuntas","tuntas") -> tdk tuntas | L58: =IF(J58<=39.9,"80",IF(J58<=59.9,"81",IF(J58<=69.9,"82",IF(J58<=74.9,"83",IF(J58<=78.9,"84",IF(J58<=78.9,"85",IF(J58>=78.9,J58," "))))))) -> 80 | R58: =IF(I58<$N$10,"84","") -> 84 | T58: Membuat rangkuman
A59: 5 | C59: =DATA!D14 -> Alesha Najwa Adelia | I59: =SUM(D59:H59) -> 0 | J59: =I59 -> 0 | K59: =IF(J59<$N$10,"tdk tuntas","tuntas") -> tdk tuntas | L59: =IF(J59<=39.9,"80",IF(J59<=59.9,"81",IF(J59<=69.9,"82",IF(J59<=74.9,"83",IF(J59<=78.9,"84",IF(J59<=78.9,"85",IF(J59>=78.9,J59," "))))))) -> 80 | Q59: =C59 -> Alesha Najwa Adelia | R59: =IF(I59<$N$10,"87","") -> 87 | T59: Menbuat soal
A60: 6 | C60: =DATA!D15 -> Ana Kharisma Wardani | I60: =SUM(D60:H60) -> 0 | J60: =I60 -> 0 | K60: =IF(J60<$N$10,"tdk tuntas","tuntas") -> tdk tuntas | L60: =IF(J60<=39.9,"80",IF(J60<=59.9,"81",IF(J60<=69.9,"82",IF(J60<=74.9,"83",IF(J60<=78.9,"84",IF(J60<=78.9,"85",IF(J60>=78.9,J60," "))))))) -> 80 | M60: Hasil Analisa | Q60: =C60 -> Ana Kharisma Wardani | R60: =IF(I60<$N$10,"82","") -> 82 | T60: dan penyelesaiannya
A61: 7 | C61: =DATA!D16 -> Angga Rizki Satriya Utama | I61: =SUM(D61:H61) -> 0 | J61: =I61 -> 0 | K61: =IF(J61<$N$10,"tdk tuntas","tuntas") -> tdk tuntas | L61: =IF(J61<=39.9,"80",IF(J61<=59.9,"81",IF(J61<=69.9,"82",IF(J61<=74.9,"83",IF(J61<=78.9,"84",IF(J61<=78.9,"85",IF(J61>=78.9,J61," "))))))) -> 80 | Q61: =C61 -> Angga Rizki Satriya Utama | R61: =IF(I61<$N$10,"80","") -> 80 | S61: v | T61: Mengerjakan soal
A62: 8 | C62: =DATA!D17 -> Ardiyan Vebri Pratama | I62: =SUM(D62:H62) -> 0 | J62: =I62 -> 0 | K62: =IF(J62<$N$10,"tdk tuntas","tuntas") -> tdk tuntas | L62: =IF(J62<=39.9,"80",IF(J62<=59.9,"81",IF(J62<=69.9,"82",IF(J62<=74.9,"83",IF(J62<=78.9,"84",IF(J62<=78.9,"85",IF(J62>=78.9,J62," "))))))) -> 80 | M62: a. Tuntas Klasikal | Q62: =C62 -> Ardiyan Vebri Pratama | R62: =IF(I62<$N$10,"84","") -> 84 | T62: dengan bobot sama
A63: 9 | C63: =DATA!D18 -> Aurel Azza Adellia Putri | I63: =SUM(D63:H63) -> 0 | J63: =I63 -> 0 | K63: =IF(J63<$N$10,"tdk tuntas","tuntas") -> tdk tuntas | L63: =IF(J63<=39.9,"80",IF(J63<=59.9,"81",IF(J63<=69.9,"82",IF(J63<=74.9,"83",IF(J63<=78.9,"84",IF(J63<=78.9,"85",IF(J63>=78.9,J63," "))))))) -> 80 | Q63: =C63 -> Aurel Azza Adellia Putri | R63: =IF(I63<$N$10,"88","") -> 88
A64: 10 | C64: =DATA!D19 -> Darasti Keyshafa Azumi | I64: =SUM(D64:H64) -> 0 | J64: =I64 -> 0 | K64: =IF(J64<$N$10,"tdk tuntas","tuntas") -> tdk tuntas | L64: =IF(J64<=39.9,"80",IF(J64<=59.9,"81",IF(J64<=69.9,"82",IF(J64<=74.9,"83",IF(J64<=78.9,"84",IF(J64<=78.9,"85",IF(J64>=78.9,J64," "))))))) -> 80 | Q64: =C64 -> Darasti Keyshafa Azumi | R64: =IF(I64<$N$10,"85","") -> 85 | S64: PENGAYAAN
A65: 11 | C65: =DATA!D20 -> Dea Resti Lian Dana Sari | I65: =SUM(D65:H65) -> 0 | J65: =I65 -> 0 | K65: =IF(J65<$N$10,"tdk tuntas","tuntas") -> tdk tuntas | L65: =IF(J65<=39.9,"80",IF(J65<=59.9,"81",IF(J65<=69.9,"82",IF(J65<=74.9,"83",IF(J65<=78.9,"84",IF(J65<=78.9,"85",IF(J65>=78.9,J65," "))))))) -> 80 | Q65: =C65 -> Dea Resti Lian Dana Sari | R65: =IF(I65<$N$10,"85","") -> 85
A66: 12 | C66: =DATA!D21 -> Desta Dwi Lestari | I66: =SUM(D66:H66) -> 0 | J66: =I66 -> 0 | K66: =IF(J66<$N$10,"tdk tuntas","tuntas") -> tdk tuntas | L66: =IF(J66<=39.9,"80",IF(J66<=59.9,"81",IF(J66<=69.9,"82",IF(J66<=74.9,"83",IF(J66<=78.9,"84",IF(J66<=78.9,"85",IF(J66>=78.9,J66," "))))))) -> 80 | M66: Banyak siswa seluruhnya | N66: =K93 -> 32 | Q66: =C66 -> Desta Dwi Lestari | R66: =IF(I66<$N$10,"85","") -> 85 | S66: V | T66: Menyelesaikan soal soal
A67: 13 | C67: =DATA!D22 -> Faaz Nizzar Ardiansyah | I67: =SUM(D67:H67) -> 0 | J67: =I67 -> 0 | K67: =IF(J67<$N$10,"tdk tuntas","tuntas") -> tdk tuntas | L67: =IF(J67<=39.9,"80",IF(J67<=59.9,"81",IF(J67<=69.9,"82",IF(J67<=74.9,"83",IF(J67<=78.9,"84",IF(J67<=78.9,"85",IF(J67>=78.9,J67," "))))))) -> 80 | M67: Banyak siswa yg tuntas | N67: =K91 -> 0 | Q67: =C67 -> Faaz Nizzar Ardiansyah | R67: =IF(I67<$N$10,"85","") -> 85 | T67: pengayaan
A68: 14 | C68: =DATA!D23 -> Hazel Javier Ozora | I68: =SUM(D68:H68) -> 0 | J68: =I68 -> 0 | K68: =IF(J68<$N$10,"tdk tuntas","tuntas") -> tdk tuntas | L68: =IF(J68<=39.9,"80",IF(J68<=59.9,"81",IF(J68<=69.9,"82",IF(J68<=74.9,"83",IF(J68<=78.9,"84",IF(J68<=78.9,"85",IF(J68>=78.9,J68," "))))))) -> 80 | M68: Prosentase ketuntasan | N68: =N67/N66*100 -> 0 | O68: % | Q68: =C68 -> Hazel Javier Ozora | R68: =IF(I68<$N$10,"85","") -> 85 | T68: Mempelajari materi / KD
A69: 15 | C69: =DATA!D24 -> Indika Dwi Laksono | I69: =SUM(D69:H69) -> 0 | J69: =I69 -> 0 | K69: =IF(J69<$N$10,"tdk tuntas","tuntas") -> tdk tuntas | L69: =IF(J69<=39.9,"80",IF(J69<=59.9,"81",IF(J69<=69.9,"82",IF(J69<=74.9,"83",IF(J69<=78.9,"84",IF(J69<=78.9,"85",IF(J69>=78.9,J69," "))))))) -> 80 | Q69: =C69 -> Indika Dwi Laksono | R69: =IF(I69<$N$10,"85","") -> 85 | T69: berikutnya
A70: 16 | C70: =DATA!D25 -> Indra Rahma Azzahra | I70: =SUM(D70:H70) -> 0 | J70: =I70 -> 0 | K70: =IF(J70<$N$10,"tdk tuntas","tuntas") -> tdk tuntas | L70: =IF(J70<=39.9,"80",IF(J70<=59.9,"81",IF(J70<=69.9,"82",IF(J70<=74.9,"83",IF(J70<=78.9,"84",IF(J70<=78.9,"85",IF(J70>=78.9,J70," "))))))) -> 80 | M70: b. Tuntas Individu | Q70: =C70 -> Indra Rahma Azzahra | R70: =IF(I70<$N$10,"84","") -> 84
A71: 17 | C71: =DATA!D26 -> Lutfia Asri Wahyuni | I71: =SUM(D71:H71) -> 0 | J71: =I71 -> 0 | K71: =IF(J71<$N$10,"tdk tuntas","tuntas") -> tdk tuntas | L71: =IF(J71<=39.9,"80",IF(J71<=59.9,"81",IF(J71<=69.9,"82",IF(J71<=74.9,"83",IF(J71<=78.9,"84",IF(J71<=78.9,"85",IF(J71>=78.9,J71," "))))))) -> 80 | Q71: =C71 -> Lutfia Asri Wahyuni | R71: =IF(I71<$N$10,"82","") -> 82 | T71: Guru Mata Pelajaran
A72: 18 | C72: =DATA!D27 -> Muhamad Fadil Khoiri | I72: =SUM(D72:H72) -> 0 | J72: =I72 -> 0 | K72: =IF(J72<$N$10,"tdk tuntas","tuntas") -> tdk tuntas | L72: =IF(J72<=39.9,"80",IF(J72<=59.9,"81",IF(J72<=69.9,"82",IF(J72<=74.9,"83",IF(J72<=78.9,"84",IF(J72<=78.9,"85",IF(J72>=78.9,J72," "))))))) -> 80 | Q72: =C72 -> Muhamad Fadil Khoiri | R72: =IF(I72<$N$10,"82","") -> 82
A73: 19 | C73: =DATA!D28 -> Muhammad Aqil Mufid | I73: =SUM(D73:H73) -> 0 | J73: =I73 -> 0 | K73: =IF(J73<$N$10,"tdk tuntas","tuntas") -> tdk tuntas | L73: =IF(J73<=39.9,"80",IF(J73<=59.9,"81",IF(J73<=69.9,"82",IF(J73<=74.9,"83",IF(J73<=78.9,"84",IF(J73<=78.9,"85",IF(J73>=78.9,J73," "))))))) -> 80 | Q73: =C73 -> Muhammad Aqil Mufid | R73: =IF(I73<$N$10,"82","") -> 82
A74: 20 | C74: =DATA!D29 -> Muhammad Danish Alzydan | I74: =SUM(D74:H74) -> 0 | J74: =I74 -> 0 | K74: =IF(J74<$N$10,"tdk tuntas","tuntas") -> tdk tuntas | L74: =IF(J74<=39.9,"80",IF(J74<=59.9,"81",IF(J74<=69.9,"82",IF(J74<=74.9,"83",IF(J74<=78.9,"84",IF(J74<=78.9,"85",IF(J74>=78.9,J74," "))))))) -> 80 | M74: Juml nilai perolehan sw | N74: =I91 -> 0 | Q74: =C74 -> Muhammad Danish Alzydan | R74: =IF(I74<$N$10,"82","") -> 82
A75: 21 | C75: =DATA!D30 -> Muhammad Nurul Huda | I75: =SUM(D75:H75) -> 0 | J75: =I75 -> 0 | K75: =IF(J75<$N$10,"tdk tuntas","tuntas") -> tdk tuntas | L75: =IF(J75<=39.9,"80",IF(J75<=59.9,"81",IF(J75<=69.9,"82",IF(J75<=74.9,"83",IF(J75<=78.9,"84",IF(J75<=78.9,"85",IF(J75>=78.9,J75," "))))))) -> 80 | M75: Juml nili seluruhnya | N75: =I92 -> 3200 | Q75: =C75 -> Muhammad Nurul Huda | R75: =IF(I75<$N$10,"82","") -> 82 | T75: =T28 -> KASMIN, S.Pd
A76: 22 | C76: =DATA!D31 -> Nada Aprillia Zulfa Fairuz | I76: =SUM(D76:H76) -> 0 | J76: =I76 -> 0 | K76: =IF(J76<$N$10,"tdk tuntas","tuntas") -> tdk tuntas | L76: =IF(J76<=39.9,"80",IF(J76<=59.9,"81",IF(J76<=69.9,"82",IF(J76<=74.9,"83",IF(J76<=78.9,"84",IF(J76<=78.9,"85",IF(J76>=78.9,J76," "))))))) -> 80 | M76: Prosentase ketuntasan | N76: =N74/N75*100 -> 0 | O76: % | R76: =IF(I76<$N$10,"82","") -> 82 | T76: =T29 -> NIP : 196609141990031007
A77: 23 | C77: =DATA!D32 -> Nadaa Fadiyah Salsabila | I77: =SUM(D77:H77) -> 0 | J77: =I77 -> 0 | K77: =IF(J77<$N$10,"tdk tuntas","tuntas") -> tdk tuntas | L77: =IF(J77<=39.9,"80",IF(J77<=59.9,"81",IF(J77<=69.9,"82",IF(J77<=74.9,"83",IF(J77<=78.9,"84",IF(J77<=78.9,"85",IF(J77>=78.9,J77," "))))))) -> 80 | Q77: =C77 -> Nadaa Fadiyah Salsabila | R77: =IF(I77<$N$10,"82","") -> 82
A78: 24 | C78: =DATA!D33 -> Nayla Oriza Shatifa | I78: =SUM(D78:H78) -> 0 | J78: =I78 -> 0 | K78: =IF(J78<$N$10,"tdk tuntas","tuntas") -> tdk tuntas | L78: =IF(J78<=39.9,"80",IF(J78<=59.9,"81",IF(J78<=69.9,"82",IF(J78<=74.9,"83",IF(J78<=78.9,"84",IF(J78<=78.9,"85",IF(J78>=78.9,J78," "))))))) -> 80 | Q78: =C78 -> Nayla Oriza Shatifa | R78: =IF(I78<$N$10,"85","") -> 85
A79: 25 | C79: =DATA!D34 -> Raditya Eka Putra Yudha | I79: =SUM(D79:H79) -> 0 | J79: =I79 -> 0 | K79: =IF(J79<$N$10,"tdk tuntas","tuntas") -> tdk tuntas | L79: =IF(J79<=39.9,"80",IF(J79<=59.9,"81",IF(J79<=69.9,"82",IF(J79<=74.9,"83",IF(J79<=78.9,"84",IF(J79<=78.9,"85",IF(J79>=78.9,J79," "))))))) -> 80 | M79: Daya serap klasikal : | Q79: =C79 -> Raditya Eka Putra Yudha | R79: =IF(I79<$N$10,"81","") -> 81 | T79: =T32 -> Kepala Sekolah
A80: 26 | C80: =DATA!D35 -> Ragil Harlangga | I80: =SUM(D80:H80) -> 0 | J80: =I80 -> 0 | K80: =IF(J80<$N$10,"tdk tuntas","tuntas") -> tdk tuntas | L80: =IF(J80<=39.9,"80",IF(J80<=59.9,"81",IF(J80<=69.9,"82",IF(J80<=74.9,"83",IF(J80<=78.9,"84",IF(J80<=78.9,"85",IF(J80>=78.9,J80," "))))))) -> 80 | M80: Suatu kls dinytkn tuntas | Q80: =C80 -> Ragil Harlangga | R80: =IF(I80<$N$10,"82","") -> 82
A81: 27 | C81: =DATA!D36 -> Rasya Hidayatullah Putra Zatmiko | I81: =SUM(D81:H81) -> 0 | J81: =I81 -> 0 | K81: =IF(J81<$N$10,"tdk tuntas","tuntas") -> tdk tuntas | L81: =IF(J81<=39.9,"80",IF(J81<=59.9,"81",IF(J81<=69.9,"82",IF(J81<=74.9,"83",IF(J81<=78.9,"84",IF(J81<=78.9,"85",IF(J81>=78.9,J81," "))))))) -> 80 | M81: banyak siswa tts ≥ 85% | Q81: =C81 -> Rasya Hidayatullah Putra Zatmiko | R81: =IF(I81<$N$10,"82","") -> 82
A82: 28 | C82: =DATA!D37 -> Septiyana Trihapsari | I82: =SUM(D82:H82) -> 0 | J82: =I82 -> 0 | K82: =IF(J82<$N$10,"tdk tuntas","tuntas") -> tdk tuntas | L82: =IF(J82<=39.9,"80",IF(J82<=59.9,"81",IF(J82<=69.9,"82",IF(J82<=74.9,"83",IF(J82<=78.9,"84",IF(J82<=78.9,"85",IF(J82>=78.9,J82," "))))))) -> 80 | Q82: =C82 -> Septiyana Trihapsari | R82: =IF(I82<$N$10,"81","") -> 81
A83: 29 | C83: =DATA!D38 -> Syarifa Fatma | I83: =SUM(D83:H83) -> 0 | J83: =I83 -> 0 | K83: =IF(J83<$N$10,"tdk tuntas","tuntas") -> tdk tuntas | L83: =IF(J83<=39.9,"80",IF(J83<=59.9,"81",IF(J83<=69.9,"82",IF(J83<=74.9,"83",IF(J83<=78.9,"84",IF(J83<=78.9,"85",IF(J83>=78.9,J83," "))))))) -> 80 | Q83: =C83 -> Syarifa Fatma | R83: =IF(I83<$N$10,"85","") -> 85
A84: 30 | C84: =DATA!D39 -> Syauqi Lazuardi | I84: =SUM(D84:H84) -> 0 | J84: =I84 -> 0 | K84: =IF(J84<$N$10,"tdk tuntas","tuntas") -> tdk tuntas | L84: =IF(J84<=39.9,"80",IF(J84<=59.9,"81",IF(J84<=69.9,"82",IF(J84<=74.9,"83",IF(J84<=78.9,"84",IF(J84<=78.9,"85",IF(J84>=78.9,J84," "))))))) -> 80 | Q84: =C84 -> Syauqi Lazuardi | R84: =IF(I84<$N$10,"84","") -> 84 | T84: =T37 -> Dra. BAROKAH GUNIARTI
A85: 31 | C85: =DATA!D40 -> Zakya Ninu Azzahra | I85: =SUM(D85:H85) -> 0 | J85: =I85 -> 0 | K85: =IF(J85<$N$10,"tdk tuntas","tuntas") -> tdk tuntas | L85: =IF(J85<=39.9,"80",IF(J85<=59.9,"81",IF(J85<=69.9,"82",IF(J85<=74.9,"83",IF(J85<=78.9,"84",IF(J85<=78.9,"85",IF(J85>=78.9,J85," "))))))) -> 80 | M85: Kesimpulan : | Q85: =C85 -> Zakya Ninu Azzahra | R85: =IF(I85<$N$10,"84","") -> 84 | T85: =T38 -> NIP : 196901081996122004
A86: 32 | C86: =DATA!D41 -> Zivara Layly Amaratungga | I86: =SUM(D86:H86) -> 0 | J86: =I86 -> 0 | K86: =IF(J86<$N$10,"tdk tuntas","tuntas") -> tdk tuntas | L86: =IF(J86<=39.9,"80",IF(J86<=59.9,"81",IF(J86<=69.9,"82",IF(J86<=74.9,"83",IF(J86<=78.9,"84",IF(J86<=78.9,"85",IF(J86>=78.9,J86," "))))))) -> 80 | Q86: =C86 -> Zivara Layly Amaratungga
A87: 33 | M87: Perlu perbaikan siswa-siswa
A88: 34 | M88: yang nilainya < KKM.
A89: 35 | M89: atau yang tidak tuntas
A90: Rataan | I90: =AVERAGE(I55:I89) -> 0 | R90: =C51 -> 9B
A91: Jumlah scor | D91: =SUM(D55:D89) -> 0 | E91: =SUM(E55:E89) -> 0 | F91: =SUM(F55:F89) -> 0 | G91: =SUM(G55:G89) -> 0 | H91: =SUM(H55:H89) -> 0 | I91: =SUM(D91:H91) -> 0 | J91: tuntas | K91: =COUNTIF(K55:K89,J91) -> 0
A92: Scor maksimum | D92: =D53*K93 -> 640 | E92: =E53*K93 -> 640 | F92: =F53*K93 -> 640 | G92: =G53*K93 -> 640 | H92: =H53*K93 -> 640 | I92: =SUM(D92:H92) -> 3200 | J92: tdk tuntas | K92: =COUNTIF(K55:K89,J92) -> 32
A93: Prosentase Pencapaian | D93: =D91/D92*100 -> 0 | E93: =E91/E92*100 -> 0 | F93: =F91/F92*100 -> 0 | G93: =G91/G92*100 -> 0 | H93: =H91/H92*100 -> 0 | I93: =I91/I92*100 -> 0 | J93: Juml | K93: =SUM(K91:K92) -> 32
A95: ='UH1'!A95 -> ANALISA HASIL PH MATEMATIKA KLS IX SMT GENAP
A96: =A49 -> SMP I LIMBANGAN TH 2025/2026 | Q96: PERBAIKAN / PENGAYAAN
A98: KLS | C98: =DATA!F8 -> 9C | D98: UH ke : | F98: =F4 -> 3 | I98: Tanggal : | K98: 45971 | M98: SK no : | N98: =N4 -> 3 | Q98: Waktu pelaksanaan : | R98: =K98+7 -> 45978
C99: No Soal | D99: 1 | E99: 2 | F99: 3 | G99: 4 | H99: 5 | I99: JUM | J99: % | K99: KETUN | L99: NILAI | M99: KETERANGAN | R99: HASIL
A100: NO | B100: NIS | C100: Scor | D100: =D53 -> 20 | E100: =E53 -> 20 | F100: =F53 -> 20 | G100: =G53 -> 20 | H100: =H53 -> 20 | I100: =SUM(D100:H100) -> 100 | J100: Keter | K100: TASAN | L100: SETLH | Q100: NAMA | R100: PERBK | S100: URAIAN PROGRAM
C101: NAMA | J101: capaian | L101: PERBKN | R101: PGYAAN
A102: 1 | C102: =DATA!F10 -> Ahmad Husain | I102: =SUM(D102:H102) -> 0 | J102: =I102 -> 0 | K102: =IF(J102<$N$10,"tdk tuntas","tuntas") -> tdk tuntas | L102: =IF(J102<=39.9,"80",IF(J102<=59.9,"81",IF(J102<=69.9,"82",IF(J102<=74.9,"83",IF(J102<=78.9,"84",IF(J102<=78.9,"85",IF(J102>=78.9,J102," "))))))) -> 80 | Q102: =C102 -> Ahmad Husain | R102: =IF(I102<$N$10,"80","") -> 80
A103: 2 | C103: =DATA!F11 -> Albeth Christian F. | I103: =SUM(D103:H103) -> 0 | J103: =I103 -> 0 | K103: =IF(J103<$N$10,"tdk tuntas","tuntas") -> tdk tuntas | L103: =IF(J103<=39.9,"80",IF(J103<=59.9,"81",IF(J103<=69.9,"82",IF(J103<=74.9,"83",IF(J103<=78.9,"84",IF(J103<=78.9,"85",IF(J103>=78.9,J103," "))))))) -> 80 | Q103: =C104 -> Alfino Kurniawan | R103: =IF(I103<$N$10,"81","") -> 81 | S103: PERBAIKAN
A104: 3 | C104: =DATA!F12 -> Alfino Kurniawan | I104: =SUM(D104:H104) -> 0 | J104: =I104 -> 0 | K104: =IF(J104<$N$10,"tdk tuntas","tuntas") -> tdk tuntas | L104: =IF(J104<=39.9,"80",IF(J104<=59.9,"81",IF(J104<=69.9,"82",IF(J104<=74.9,"83",IF(J104<=78.9,"84",IF(J104<=78.9,"85",IF(J104>=78.9,J104," "))))))) -> 80 | M104: KKM | N104: =N10 -> 80 | Q104: =C105 -> Alif Jalu Adil | R104: =IF(I104<$N$10,"81","") -> 81
A105: 4 | C105: =DATA!F13 -> Alif Jalu Adil | I105: =SUM(D105:H105) -> 0 | J105: =I105 -> 0 | K105: =IF(J105<$N$10,"tdk tuntas","tuntas") -> tdk tuntas | L105: =IF(J105<=39.9,"80",IF(J105<=59.9,"81",IF(J105<=69.9,"82",IF(J105<=74.9,"83",IF(J105<=78.9,"84",IF(J105<=78.9,"85",IF(J105>=78.9,J105," "))))))) -> 80 | Q105: =C106 -> Almira Tian Az Zahra | R105: =IF(I105<$N$10,"84","") -> 84 | T105: Membuat rangkuman
...

Sheet UH4
A1: ='UH1'!A1 -> ANALISA HASIL PH MATEMATIKA KLS IX SMT GENAP | Q1: PROGRAM DAN PELAKSANAAN
A2: ='UH1'!A2 -> SMP I LIMBANGAN TH 2025/2026 | Q2: PERBAIKAN / PENGAYAAN
A4: KLS | C4: =DATA!B8 -> 9A | D4: UH ke : | F4: 4 | I4: Tanggal : | M4: SK no : | N4: 1 | Q4: Waktu pelaksanaan :
C5: No Soal | D5: 1 | E5: 2 | F5: 3 | G5: 4 | H5: 5 | I5: JUM | J5: % | K5: KETUN | L5: NILAI | M5: KETERANGAN | R5: HASIL
A6: NO | B6: NIS | C6: Scor | D6: 20 | E6: 20 | F6: 20 | G6: 20 | H6: 20 | I6: =SUM(D6:H6) -> 100 | J6: Keter | K6: TASAN | L6: SETLH | Q6: NAMA | R6: PERBK | S6: URAIAN PROGRAM
C7: NAMA | J7: capaian | L7: PERBKN | R7: PGYAAN
A8: 1 | C8: =DATA!B10 -> Affan Bagus Ramadhani | I8: =SUM(D8:H8) -> 0 | J8: =I8 -> 0 | K8: =IF(J8<$N$10,"tdk tuntas","tuntas") -> tdk tuntas | L8: =IF(J8<=39.9,"77",IF(J8<=59.9,"78",IF(J8<=69.9,"79",IF(J8<=74.9,"79",IF(J8<=78.9,"79",IF(J8<=78.9,"79",IF(J8>=78.9,J8," "))))))) -> 77 | Q8: =C8 -> Affan Bagus Ramadhani | R8: =IF(I8<$N$10,"80","") -> 80
A9: 2 | C9: =DATA!B11 -> Affansa Rayya Assalafi | I9: =SUM(D9:H9) -> 0 | J9: =I9 -> 0 | K9: =IF(J9<$N$10,"tdk tuntas","tuntas") -> tdk tuntas | L9: =IF(J9<=39.9,"77",IF(J9<=59.9,"78",IF(J9<=69.9,"79",IF(J9<=74.9,"79",IF(J9<=78.9,"79",IF(J9<=78.9,"79",IF(J9>=78.9,J9," "))))))) -> 77 | Q9: =C9 -> Affansa Rayya Assalafi | R9: =IF(I9<$N$10,"79","") -> 79 | S9: PERBAIKAN
A10: 3 | C10: =DATA!B12 -> Agel Fransiska | I10: =SUM(D10:H10) -> 0 | J10: =I10 -> 0 | K10: =IF(J10<$N$10,"tdk tuntas","tuntas") -> tdk tuntas | L10: =IF(J10<=39.9,"77",IF(J10<=59.9,"78",IF(J10<=69.9,"79",IF(J10<=74.9,"79",IF(J10<=78.9,"79",IF(J10<=78.9,"79",IF(J10>=78.9,J10," "))))))) -> 77 | M10: KKM | N10: =DATA!F4 -> 80 | Q10: =C10 -> Agel Fransiska | R10: =IF(I10<$N$10,"81","") -> 81
A11: 4 | C11: =DATA!B13 -> Alfin Putra Firmansyah | I11: =SUM(D11:H11) -> 0 | J11: =I11 -> 0 | K11: =IF(J11<$N$10,"tdk tuntas","tuntas") -> tdk tuntas | L11: =IF(J11<=39.9,"77",IF(J11<=59.9,"78",IF(J11<=69.9,"79",IF(J11<=74.9,"79",IF(J11<=78.9,"79",IF(J11<=78.9,"79",IF(J11>=78.9,J11," "))))))) -> 77 | Q11: =C11 -> Alfin Putra Firmansyah | R11: =IF(I11<$N$10,"79","") -> 79 | T11: Membuat rangkuman
A12: 5 | C12: =DATA!B14 -> Almira Sadia Qonitah | I12: =SUM(D12:H12) -> 0 | J12: =I12 -> 0 | K12: =IF(J12<$N$10,"tdk tuntas","tuntas") -> tdk tuntas | L12: =IF(J12<=39.9,"77",IF(J12<=59.9,"78",IF(J12<=69.9,"79",IF(J12<=74.9,"79",IF(J12<=78.9,"79",IF(J12<=78.9,"79",IF(J12>=78.9,J12," "))))))) -> 77 | Q12: =C12 -> Almira Sadia Qonitah | R12: =IF(I12<$N$10,"79","") -> 79 | T12: Menbuat soal
A13: 6 | C13: =DATA!B15 -> Arif Perdana Putra | I13: =SUM(D13:H13) -> 0 | J13: =I13 -> 0 | K13: =IF(J13<$N$10,"tdk tuntas","tuntas") -> tdk tuntas | L13: =IF(J13<=39.9,"77",IF(J13<=59.9,"78",IF(J13<=69.9,"79",IF(J13<=74.9,"79",IF(J13<=78.9,"79",IF(J13<=78.9,"79",IF(J13>=78.9,J13," "))))))) -> 77 | M13: Hasil Analisa | Q13: =C13 -> Arif Perdana Putra | R13: =IF(I13<$N$10,"79","") -> 79 | T13: dan penyelesaiannya
A14: 7 | C14: =DATA!B16 -> Asifa Nariyati | I14: =SUM(D14:H14) -> 0 | J14: =I14 -> 0 | K14: =IF(J14<$N$10,"tdk tuntas","tuntas") -> tdk tuntas | L14: =IF(J14<=39.9,"77",IF(J14<=59.9,"78",IF(J14<=69.9,"79",IF(J14<=74.9,"79",IF(J14<=78.9,"79",IF(J14<=78.9,"79",IF(J14>=78.9,J14," "))))))) -> 77 | Q14: =C14 -> Asifa Nariyati | R14: =IF(I14<$N$10,"79","") -> 79 | S14: V | T14: Mengerjakan soal
A15: 8 | C15: =DATA!B17 -> Calvin Mandala Putra | I15: =SUM(D15:H15) -> 0 | J15: =I15 -> 0 | K15: =IF(J15<$N$10,"tdk tuntas","tuntas") -> tdk tuntas | L15: =IF(J15<=39.9,"77",IF(J15<=59.9,"78",IF(J15<=69.9,"79",IF(J15<=74.9,"79",IF(J15<=78.9,"79",IF(J15<=78.9,"79",IF(J15>=78.9,J15," "))))))) -> 77 | M15: a. Tuntas Klasikal | Q15: =C15 -> Calvin Mandala Putra | R15: =IF(I15<$N$10,"79","") -> 79 | T15: dengan bobot sama
A16: 9 | C16: =DATA!B18 -> Decha Rifqoh Alma Dhini | I16: =SUM(D16:H16) -> 0 | J16: =I16 -> 0 | K16: =IF(J16<$N$10,"tdk tuntas","tuntas") -> tdk tuntas | L16: =IF(J16<=39.9,"77",IF(J16<=59.9,"78",IF(J16<=69.9,"79",IF(J16<=74.9,"79",IF(J16<=78.9,"79",IF(J16<=78.9,"79",IF(J16>=78.9,J16," "))))))) -> 77 | Q16: =C16 -> Decha Rifqoh Alma Dhini | R16: =IF(I16<$N$10,"79","") -> 79
A17: 10 | C17: =DATA!B19 -> Fathir Hibatullah Harahap | I17: =SUM(D17:H17) -> 0 | J17: =I17 -> 0 | K17: =IF(J17<$N$10,"tdk tuntas","tuntas") -> tdk tuntas | L17: =IF(J17<=39.9,"77",IF(J17<=59.9,"78",IF(J17<=69.9,"79",IF(J17<=74.9,"79",IF(J17<=78.9,"79",IF(J17<=78.9,"79",IF(J17>=78.9,J17," "))))))) -> 77 | Q17: =C17 -> Fathir Hibatullah Harahap | R17: =IF(I17<$N$10,"85","") -> 85 | S17: PENGAYAAN
A18: 11 | C18: =DATA!B20 -> Gendhis Putri Ayreanti | I18: =SUM(D18:H18) -> 0 | J18: =I18 -> 0 | K18: =IF(J18<$N$10,"tdk tuntas","tuntas") -> tdk tuntas | L18: =IF(J18<=39.9,"77",IF(J18<=59.9,"78",IF(J18<=69.9,"79",IF(J18<=74.9,"79",IF(J18<=78.9,"79",IF(J18<=78.9,"79",IF(J18>=78.9,J18," "))))))) -> 77 | Q18: =C18 -> Gendhis Putri Ayreanti | R18: =IF(I18<$N$10,"85","") -> 85
A19: 12 | C19: =DATA!B21 -> Habibi Lazuardi | I19: =SUM(D19:H19) -> 0 | J19: =I19 -> 0 | K19: =IF(J19<$N$10,"tdk tuntas","tuntas") -> tdk tuntas | L19: =IF(J19<=39.9,"77",IF(J19<=59.9,"78",IF(J19<=69.9,"79",IF(J19<=74.9,"79",IF(J19<=78.9,"79",IF(J19<=78.9,"79",IF(J19>=78.9,J19," "))))))) -> 77 | M19: Banyak siswa seluruhnya | N19: =K46 -> 34 | Q19: =C19 -> Habibi Lazuardi | R19: =IF(I19<$N$10,"85","") -> 85 | S19: V | T19: Menyelesaikan soal soal
A20: 13 | C20: =DATA!B22 -> Herina Sasha Rasati | I20: =SUM(D20:H20) -> 0 | J20: =I20 -> 0 | K20: =IF(J20<$N$10,"tdk tuntas","tuntas") -> tdk tuntas | L20: =IF(J20<=39.9,"77",IF(J20<=59.9,"78",IF(J20<=69.9,"79",IF(J20<=74.9,"79",IF(J20<=78.9,"79",IF(J20<=78.9,"79",IF(J20>=78.9,J20," "))))))) -> 77 | M20: Banyak siswa yg tuntas | N20: =K44 -> 0 | Q20: =C20 -> Herina Sasha Rasati | R20: =IF(I20<$N$10,"85","") -> 85 | T20: pengayaan
A21: 14 | C21: =DATA!B23 -> Ivan Adi Saputra | I21: =SUM(D21:H21) -> 0 | J21: =I21 -> 0 | K21: =IF(J21<$N$10,"tdk tuntas","tuntas") -> tdk tuntas | L21: =IF(J21<=39.9,"77",IF(J21<=59.9,"78",IF(J21<=69.9,"79",IF(J21<=74.9,"79",IF(J21<=78.9,"79",IF(J21<=78.9,"79",IF(J21>=78.9,J21," "))))))) -> 77 | M21: Prosentase ketuntasan | N21: =N20/N19*100 -> 0 | O21: % | Q21: =C21 -> Ivan Adi Saputra | R21: =IF(I21<$N$10,"85","") -> 85 | T21: Mempelajari materi / KD
A22: 15 | C22: =DATA!B24 -> Ivander Veda Ardyanta | I22: =SUM(D22:H22) -> 0 | J22: =I22 -> 0 | K22: =IF(J22<$N$10,"tdk tuntas","tuntas") -> tdk tuntas | L22: =IF(J22<=39.9,"77",IF(J22<=59.9,"78",IF(J22<=69.9,"79",IF(J22<=74.9,"79",IF(J22<=78.9,"79",IF(J22<=78.9,"79",IF(J22>=78.9,J22," "))))))) -> 77 | Q22: =C22 -> Ivander Veda Ardyanta | R22: =IF(I22<$N$10,"85","") -> 85 | T22: berikutnya
A23: 16 | C23: =DATA!B25 -> Keysa Lutfi Yana Putri | I23: =SUM(D23:H23) -> 0 | J23: =I23 -> 0 | K23: =IF(J23<$N$10,"tdk tuntas","tuntas") -> tdk tuntas | L23: =IF(J23<=39.9,"77",IF(J23<=59.9,"78",IF(J23<=69.9,"79",IF(J23<=74.9,"79",IF(J23<=78.9,"79",IF(J23<=78.9,"79",IF(J23>=78.9,J23," "))))))) -> 77 | M23: b. Tuntas Individu | Q23: =C23 -> Keysa Lutfi Yana Putri | R23: =IF(I23<$N$10,"84","") -> 84
A24: 17 | C24: =DATA!B26 -> Khanaya Putri Emeyliana | I24: =SUM(D24:H24) -> 0 | J24: =I24 -> 0 | K24: =IF(J24<$N$10,"tdk tuntas","tuntas") -> tdk tuntas | L24: =IF(J24<=39.9,"77",IF(J24<=59.9,"78",IF(J24<=69.9,"79",IF(J24<=74.9,"79",IF(J24<=78.9,"79",IF(J24<=78.9,"79",IF(J24>=78.9,J24," "))))))) -> 77 | Q24: =C24 -> Khanaya Putri Emeyliana | R24: =IF(I24<$N$10,"82","") -> 82 | T24: Guru Mata Pelajaran
A25: 18 | C25: =DATA!B27 -> Khoirul Rodzikin | I25: =SUM(D25:H25) -> 0 | J25: =I25 -> 0 | K25: =IF(J25<$N$10,"tdk tuntas","tuntas") -> tdk tuntas | L25: =IF(J25<=39.9,"77",IF(J25<=59.9,"78",IF(J25<=69.9,"79",IF(J25<=74.9,"79",IF(J25<=78.9,"79",IF(J25<=78.9,"79",IF(J25>=78.9,J25," "))))))) -> 77 | Q25: =C25 -> Khoirul Rodzikin | R25: =IF(I25<$N$10,"82","") -> 82
A26: 19 | C26: =DATA!B28 -> Livia Mozavina | I26: =SUM(D26:H26) -> 0 | J26: =I26 -> 0 | K26: =IF(J26<$N$10,"tdk tuntas","tuntas") -> tdk tuntas | L26: =IF(J26<=39.9,"77",IF(J26<=59.9,"78",IF(J26<=69.9,"79",IF(J26<=74.9,"79",IF(J26<=78.9,"79",IF(J26<=78.9,"79",IF(J26>=78.9,J26," "))))))) -> 77 | Q26: =C26 -> Livia Mozavina | R26: =IF(I26<$N$10,"82","") -> 82
A27: 20 | C27: =DATA!B29 -> Milatul Ulya Azzahra | I27: =SUM(D27:H27) -> 0 | J27: =I27 -> 0 | K27: =IF(J27<$N$10,"tdk tuntas","tuntas") -> tdk tuntas | L27: =IF(J27<=39.9,"77",IF(J27<=59.9,"78",IF(J27<=69.9,"79",IF(J27<=74.9,"79",IF(J27<=78.9,"79",IF(J27<=78.9,"79",IF(J27>=78.9,J27," "))))))) -> 77 | M27: Juml nilai perolehan sw | N27: =I44 -> 0 | Q27: =C27 -> Milatul Ulya Azzahra | R27: =IF(I27<$N$10,"82","") -> 82
A28: 21 | C28: =DATA!B30 -> Muhammad Arif Pratama | I28: =SUM(D28:H28) -> 0 | J28: =I28 -> 0 | K28: =IF(J28<$N$10,"tdk tuntas","tuntas") -> tdk tuntas | L28: =IF(J28<=39.9,"77",IF(J28<=59.9,"78",IF(J28<=69.9,"79",IF(J28<=74.9,"79",IF(J28<=78.9,"79",IF(J28<=78.9,"79",IF(J28>=78.9,J28," "))))))) -> 77 | M28: Juml nili seluruhnya | N28: =I45 -> 3400 | Q28: =C28 -> Muhammad Arif Pratama | R28: =IF(I28<$N$10,"82","") -> 82 | T28: =DATA!B3 -> KASMIN, S.Pd
A29: 22 | C29: =DATA!B31 -> Muhammad Fahri Khoirudin | I29: =SUM(D29:H29) -> 0 | J29: =I29 -> 0 | K29: =IF(J29<$N$10,"tdk tuntas","tuntas") -> tdk tuntas | L29: =IF(J29<=39.9,"77",IF(J29<=59.9,"78",IF(J29<=69.9,"79",IF(J29<=74.9,"79",IF(J29<=78.9,"79",IF(J29<=78.9,"79",IF(J29>=78.9,J29," "))))))) -> 77 | M29: Prosentase ketuntasan | N29: =N27/N28*100 -> 0 | O29: % | Q29: =C29 -> Muhammad Fahri Khoirudin | R29: =IF(I29<$N$10,"82","") -> 82 | T29: =DATA!B4 -> NIP : 196609141990031007
A30: 23 | C30: =DATA!B32 -> Muhammad Rakha Razansyah | I30: =SUM(D30:H30) -> 0 | J30: =I30 -> 0 | K30: =IF(J30<$N$10,"tdk tuntas","tuntas") -> tdk tuntas | L30: =IF(J30<=39.9,"77",IF(J30<=59.9,"78",IF(J30<=69.9,"79",IF(J30<=74.9,"79",IF(J30<=78.9,"79",IF(J30<=78.9,"79",IF(J30>=78.9,J30," "))))))) -> 77 | Q30: =C30 -> Muhammad Rakha Razansyah | R30: =IF(I30<$N$10,"82","") -> 82
A31: 24 | C31: =DATA!B33 -> Mutiara Dewi Khusna | I31: =SUM(D31:H31) -> 0 | J31: =I31 -> 0 | K31: =IF(J31<$N$10,"tdk tuntas","tuntas") -> tdk tuntas | L31: =IF(J31<=39.9,"77",IF(J31<=59.9,"78",IF(J31<=69.9,"79",IF(J31<=74.9,"79",IF(J31<=78.9,"79",IF(J31<=78.9,"79",IF(J31>=78.9,J31," "))))))) -> 77 | Q31: =C31 -> Mutiara Dewi Khusna | R31: =IF(I31<$N$10,"79","") -> 79 | T31: Kepala Sekolah
A32: 25 | C32: =DATA!B34 -> Qeysya Nabila Maharani | I32: =SUM(D32:H32) -> 0 | J32: =I32 -> 0 | K32: =IF(J32<$N$10,"tdk tuntas","tuntas") -> tdk tuntas | L32: =IF(J32<=39.9,"77",IF(J32<=59.9,"78",IF(J32<=69.9,"79",IF(J32<=74.9,"79",IF(J32<=78.9,"79",IF(J32<=78.9,"79",IF(J32>=78.9,J32," "))))))) -> 77 | M32: Daya serap klasikal : | Q32: =C32 -> Qeysya Nabila Maharani | R32: =IF(I32<$N$10,"79","") -> 79
A33: 26 | C33: =DATA!B35 -> Raihan Akbar Ramadhan | I33: =SUM(D33:H33) -> 0 | J33: =I33 -> 0 | K33: =IF(J33<$N$10,"tdk tuntas","tuntas") -> tdk tuntas | L33: =IF(J33<=39.9,"77",IF(J33<=59.9,"78",IF(J33<=69.9,"79",IF(J33<=74.9,"79",IF(J33<=78.9,"79",IF(J33<=78.9,"79",IF(J33>=78.9,J33," "))))))) -> 77 | M33: Suatu kls dinytkn tuntas | Q33: =C33 -> Raihan Akbar Ramadhan | R33: =IF(I33<$N$10,"79","") -> 79
A34: 27 | C34: =DATA!B36 -> Ramadhani | I34: =SUM(D34:H34) -> 0 | J34: =I34 -> 0 | K34: =IF(J34<$N$10,"tdk tuntas","tuntas") -> tdk tuntas | L34: =IF(J34<=39.9,"77",IF(J34<=59.9,"78",IF(J34<=69.9,"79",IF(J34<=74.9,"79",IF(J34<=78.9,"79",IF(J34<=78.9,"79",IF(J34>=78.9,J34," "))))))) -> 77 | M34: banyak siswa tts ≥ 85% | Q34: =C34 -> Ramadhani | R34: =IF(I34<$N$10,"79","") -> 79
A35: 28 | C35: =DATA!B37 -> Rangga Putra Raditya | I35: =SUM(D35:H35) -> 0 | J35: =I35 -> 0 | K35: =IF(J35<$N$10,"tdk tuntas","tuntas") -> tdk tuntas | L35: =IF(J35<=39.9,"77",IF(J35<=59.9,"78",IF(J35<=69.9,"79",IF(J35<=74.9,"79",IF(J35<=78.9,"79",IF(J35<=78.9,"79",IF(J35>=78.9,J35," "))))))) -> 77 | Q35: =C35 -> Rangga Putra Raditya | R35: =IF(I35<$N$10,"81","") -> 81
A36: 29 | C36: =DATA!B38 -> Safa Nasila Anajwa | I36: =SUM(D36:H36) -> 0 | J36: =I36 -> 0 | K36: =IF(J36<$N$10,"tdk tuntas","tuntas") -> tdk tuntas | L36: =IF(J36<=39.9,"77",IF(J36<=59.9,"78",IF(J36<=69.9,"79",IF(J36<=74.9,"79",IF(J36<=78.9,"79",IF(J36<=78.9,"79",IF(J36>=78.9,J36," "))))))) -> 77 | Q36: =C36 -> Safa Nasila Anajwa | R36: =IF(I36<$N$10,"85","") -> 85
A37: 30 | C37: =DATA!B39 -> Sila Ayu Kurnia | I37: =SUM(D37:H37) -> 0 | J37: =I37 -> 0 | K37: =IF(J37<$N$10,"tdk tuntas","tuntas") -> tdk tuntas | L37: =IF(J37<=39.9,"77",IF(J37<=59.9,"78",IF(J37<=69.9,"79",IF(J37<=74.9,"79",IF(J37<=78.9,"79",IF(J37<=78.9,"79",IF(J37>=78.9,J37," "))))))) -> 77 | Q37: =C37 -> Sila Ayu Kurnia | R37: =IF(I37<$N$10,"78","") -> 78 | T37: =DATA!D3 -> Dra. BAROKAH GUNIARTI
A38: 31 | C38: =DATA!B40 -> Sindhi Nandha Lusia | I38: =SUM(D38:H38) -> 0 | J38: =I38 -> 0 | K38: =IF(J38<$N$10,"tdk tuntas","tuntas") -> tdk tuntas | L38: =IF(J38<=39.9,"77",IF(J38<=59.9,"78",IF(J38<=69.9,"79",IF(J38<=74.9,"79",IF(J38<=78.9,"79",IF(J38<=78.9,"79",IF(J38>=78.9,J38," "))))))) -> 77 | M38: Kesimpulan : | Q38: =C38 -> Sindhi Nandha Lusia | R38: =IF(I38<$N$10,"84","") -> 84 | T38: =DATA!D4 -> NIP : 196901081996122004
A39: 32 | C39: =DATA!B41 -> Siti Alfiani | I39: =SUM(D39:H39) -> 0 | J39: =I39 -> 0 | K39: =IF(J39<$N$10,"tdk tuntas","tuntas") -> tdk tuntas | L39: =IF(J39<=39.9,"77",IF(J39<=59.9,"78",IF(J39<=69.9,"79",IF(J39<=74.9,"79",IF(J39<=78.9,"79",IF(J39<=78.9,"79",IF(J39>=78.9,J39," "))))))) -> 77 | Q39: =C39 -> Siti Alfiani | R39: =IF(I39<$N$10,"85","") -> 85
A40: 33 | C40: =DATA!B42 -> 0 | I40: =SUM(D40:H40) -> 0 | J40: =I40 -> 0 | K40: =IF(J40<$N$10,"tdk tuntas","tuntas") -> tdk tuntas | L40: =IF(J40<=39.9,"77",IF(J40<=59.9,"78",IF(J40<=69.9,"79",IF(J40<=74.9,"79",IF(J40<=78.9,"79",IF(J40<=78.9,"79",IF(J40>=78.9,J40," "))))))) -> 77 | M40: Perlu perbaikan siswa-siswa | Q40: =C40 -> 0 | R40: =IF(I40<$N$10,"83","") -> 83
A41: 34 | C41: =DATA!B43 -> 0 | I41: =SUM(D41:H41) -> 0 | J41: =I41 -> 0 | K41: =IF(J41<$N$10,"tdk tuntas","tuntas") -> tdk tuntas | L41: =IF(J41<=39.9,"77",IF(J41<=59.9,"78",IF(J41<=69.9,"79",IF(J41<=74.9,"79",IF(J41<=78.9,"79",IF(J41<=78.9,"79",IF(J41>=78.9,J41," "))))))) -> 77 | M41: yang nilainya < KKM. | Q41: =C41 -> 0 | R41: =IF(I41<$N$10,"80","") -> 80
A42: 35 | C42: =DATA!#REF! -> #REF! | L42: =IF(J42<=39.9,"77",IF(J42<=59.9,"78",IF(J42<=69.9,"79",IF(J42<=74.9,"79",IF(J42<=78.9,"79",IF(J42<=78.9,"79",IF(J42>=78.9,J42," "))))))) -> 77 | M42: atau yang tidak tuntas | Q42: =C42 -> #REF!
A43: Rataan | I43: =AVERAGE(I8:I42) -> 0 | R43: =C4 -> 9A
A44: Jumlah scor | D44: =SUM(D8:D42) -> 0 | E44: =SUM(E8:E42) -> 0 | F44: =SUM(F8:F42) -> 0 | G44: =SUM(G8:G42) -> 0 | H44: =SUM(H8:H42) -> 0 | I44: =SUM(D44:H44) -> 0 | J44: tuntas | K44: =COUNTIF(K8:K42,J44) -> 0
A45: Scor maksimum | D45: =D6*K46 -> 680 | E45: =E6*K46 -> 680 | F45: =F6*K46 -> 680 | G45: =G6*K46 -> 680 | H45: =H6*K46 -> 680 | I45: =SUM(D45:H45) -> 3400 | J45: tdk tuntas | K45: =COUNTIF(K8:K42,J45) -> 34
A46: Prosentase Pencapaian | D46: =D44/D45*100 -> 0 | E46: =E44/E45*100 -> 0 | F46: =F44/F45*100 -> 0 | G46: =G44/G45*100 -> 0 | H46: =H44/H45*100 -> 0 | I46: =I44/I45*100 -> 0 | J46: Juml | K46: =SUM(K44:K45) -> 34
A48: ='UH1'!A48 -> ANALISA HASIL PH MATEMATIKA KLS IX SMT GENAP | Q48: PROGRAM DAN PELAKSANAAN
A49: =A2 -> SMP I LIMBANGAN TH 2025/2026 | Q49: PERBAIKAN / PENGAYAAN
A51: KLS | C51: =DATA!D8 -> 9B | D51: UH ke : | F51: =F4 -> 4 | I51: Tanggal : | M51: SK no : | N51: =N4 -> 1 | Q51: Waktu pelaksanaan :
C52: No Soal | D52: 1 | E52: 2 | F52: 3 | G52: 4 | H52: 5 | I52: JUM | J52: % | K52: KETUN | L52: NILAI | M52: KETERANGAN | R52: HASIL
A53: NO | B53: NIS | C53: Scor | D53: =D6 -> 20 | E53: =E6 -> 20 | F53: =F6 -> 20 | G53: =G6 -> 20 | H53: =H6 -> 20 | I53: =SUM(D53:H53) -> 100 | J53: Keter | K53: TASAN | L53: SETLH | Q53: NAMA | R53: PERBK | S53: URAIAN PROGRAM
C54: NAMA | J54: capaian | L54: PERBKN | R54: PGYAAN
A55: 1 | C55: =DATA!D10 -> Abid Lionel Abdillah | I55: =SUM(D55:H55) -> 0 | J55: =I55 -> 0 | K55: =IF(J55<$N$10,"tdk tuntas","tuntas") -> tdk tuntas | L55: =IF(J55<=39.9,"77",IF(J55<=59.9,"78",IF(J55<=69.9,"79",IF(J55<=74.9,"79",IF(J55<=78.9,"79",IF(J55<=78.9,"79",IF(J55>=78.9,J55," "))))))) -> 77 | Q55: =C55 -> Abid Lionel Abdillah | R55: =IF(I55<$N$10,"80","") -> 80
A56: 2 | C56: =DATA!D11 -> Aditria Bintang Mustofa | I56: =SUM(D56:H56) -> 0 | J56: =I56 -> 0 | K56: =IF(J56<$N$10,"tdk tuntas","tuntas") -> tdk tuntas | L56: =IF(J56<=39.9,"77",IF(J56<=59.9,"78",IF(J56<=69.9,"79",IF(J56<=74.9,"79",IF(J56<=78.9,"79",IF(J56<=78.9,"79",IF(J56>=78.9,J56," "))))))) -> 77 | Q56: =C56 -> Aditria Bintang Mustofa | R56: =IF(I56<$N$10,"79","") -> 79 | S56: PERBAIKAN
A57: 3 | C57: =DATA!D12 -> Agni Wulan Pramesti | I57: =SUM(D57:H57) -> 0 | J57: =I57 -> 0 | K57: =IF(J57<$N$10,"tdk tuntas","tuntas") -> tdk tuntas | L57: =IF(J57<=39.9,"77",IF(J57<=59.9,"78",IF(J57<=69.9,"79",IF(J57<=74.9,"79",IF(J57<=78.9,"79",IF(J57<=78.9,"79",IF(J57>=78.9,J57," "))))))) -> 77 | M57: KKM | N57: =N10 -> 80 | Q57: =C57 -> Agni Wulan Pramesti | R57: =IF(I57<$N$10,"81","") -> 81
A58: 4 | C58: =DATA!D13 -> Ahmad Irfan Annadif | I58: =SUM(D58:H58) -> 0 | J58: =I58 -> 0 | K58: =IF(J58<$N$10,"tdk tuntas","tuntas") -> tdk tuntas | L58: =IF(J58<=39.9,"77",IF(J58<=59.9,"78",IF(J58<=69.9,"79",IF(J58<=74.9,"79",IF(J58<=78.9,"79",IF(J58<=78.9,"79",IF(J58>=78.9,J58," "))))))) -> 77 | Q58: =C58 -> Ahmad Irfan Annadif | R58: =IF(I58<$N$10,"79","") -> 79 | T58: Membuat rangkuman
A59: 5 | C59: =DATA!D14 -> Alesha Najwa Adelia | I59: =SUM(D59:H59) -> 0 | J59: =I59 -> 0 | K59: =IF(J59<$N$10,"tdk tuntas","tuntas") -> tdk tuntas | L59: =IF(J59<=39.9,"77",IF(J59<=59.9,"78",IF(J59<=69.9,"79",IF(J59<=74.9,"79",IF(J59<=78.9,"79",IF(J59<=78.9,"79",IF(J59>=78.9,J59," "))))))) -> 77 | Q59: =C59 -> Alesha Najwa Adelia | R59: =IF(I59<$N$10,"79","") -> 79 | T59: Menbuat soal
A60: 6 | C60: =DATA!D15 -> Ana Kharisma Wardani | I60: =SUM(D60:H60) -> 0 | J60: =I60 -> 0 | K60: =IF(J60<$N$10,"tdk tuntas","tuntas") -> tdk tuntas | L60: =IF(J60<=39.9,"77",IF(J60<=59.9,"78",IF(J60<=69.9,"79",IF(J60<=74.9,"79",IF(J60<=78.9,"79",IF(J60<=78.9,"79",IF(J60>=78.9,J60," "))))))) -> 77 | M60: Hasil Analisa | Q60: =C60 -> Ana Kharisma Wardani | R60: =IF(I60<$N$10,"79","") -> 79 | T60: dan penyelesaiannya
A61: 7 | C61: =DATA!D16 -> Angga Rizki Satriya Utama | I61: =SUM(D61:H61) -> 0 | J61: =I61 -> 0 | K61: =IF(J61<$N$10,"tdk tuntas","tuntas") -> tdk tuntas | L61: =IF(J61<=39.9,"77",IF(J61<=59.9,"78",IF(J61<=69.9,"79",IF(J61<=74.9,"79",IF(J61<=78.9,"79",IF(J61<=78.9,"79",IF(J61>=78.9,J61," "))))))) -> 77 | Q61: =C61 -> Angga Rizki Satriya Utama | R61: =IF(I61<$N$10,"79","") -> 79 | S61: V | T61: Mengerjakan soal
A62: 8 | C62: =DATA!D17 -> Ardiyan Vebri Pratama | I62: =SUM(D62:H62) -> 0 | J62: =I62 -> 0 | K62: =IF(J62<$N$10,"tdk tuntas","tuntas") -> tdk tuntas | L62: =IF(J62<=39.9,"77",IF(J62<=59.9,"78",IF(J62<=69.9,"79",IF(J62<=74.9,"79",IF(J62<=78.9,"79",IF(J62<=78.9,"79",IF(J62>=78.9,J62," "))))))) -> 77 | M62: a. Tuntas Klasikal | Q62: =C62 -> Ardiyan Vebri Pratama | R62: =IF(I62<$N$10,"79","") -> 79 | T62: dengan bobot sama
A63: 9 | C63: =DATA!D18 -> Aurel Azza Adellia Putri | I63: =SUM(D63:H63) -> 0 | J63: =I63 -> 0 | K63: =IF(J63<$N$10,"tdk tuntas","tuntas") -> tdk tuntas | L63: =IF(J63<=39.9,"77",IF(J63<=59.9,"78",IF(J63<=69.9,"79",IF(J63<=74.9,"79",IF(J63<=78.9,"79",IF(J63<=78.9,"79",IF(J63>=78.9,J63," "))))))) -> 77 | Q63: =C63 -> Aurel Azza Adellia Putri | R63: =IF(I63<$N$10,"79","") -> 79
A64: 10 | C64: =DATA!D19 -> Darasti Keyshafa Azumi | I64: =SUM(D64:H64) -> 0 | J64: =I64 -> 0 | K64: =IF(J64<$N$10,"tdk tuntas","tuntas") -> tdk tuntas | L64: =IF(J64<=39.9,"77",IF(J64<=59.9,"78",IF(J64<=69.9,"79",IF(J64<=74.9,"79",IF(J64<=78.9,"79",IF(J64<=78.9,"79",IF(J64>=78.9,J64," "))))))) -> 77 | Q64: =C64 -> Darasti Keyshafa Azumi | R64: =IF(I64<$N$10,"85","") -> 85 | S64: PENGAYAAN
A65: 11 | C65: =DATA!D20 -> Dea Resti Lian Dana Sari | I65: =SUM(D65:H65) -> 0 | J65: =I65 -> 0 | K65: =IF(J65<$N$10,"tdk tuntas","tuntas") -> tdk tuntas | L65: =IF(J65<=39.9,"77",IF(J65<=59.9,"78",IF(J65<=69.9,"79",IF(J65<=74.9,"79",IF(J65<=78.9,"79",IF(J65<=78.9,"79",IF(J65>=78.9,J65," "))))))) -> 77 | Q65: =C65 -> Dea Resti Lian Dana Sari | R65: =IF(I65<$N$10,"85","") -> 85
A66: 12 | C66: =DATA!D21 -> Desta Dwi Lestari | I66: =SUM(D66:H66) -> 0 | J66: =I66 -> 0 | K66: =IF(J66<$N$10,"tdk tuntas","tuntas") -> tdk tuntas | L66: =IF(J66<=39.9,"77",IF(J66<=59.9,"78",IF(J66<=69.9,"79",IF(J66<=74.9,"79",IF(J66<=78.9,"79",IF(J66<=78.9,"79",IF(J66>=78.9,J66," "))))))) -> 77 | M66: Banyak siswa seluruhnya | N66: =K93 -> 34 | Q66: =C66 -> Desta Dwi Lestari | R66: =IF(I66<$N$10,"85","") -> 85 | S66: V | T66: Menyelesaikan soal soal
A67: 13 | C67: =DATA!D22 -> Faaz Nizzar Ardiansyah | I67: =SUM(D67:H67) -> 0 | J67: =I67 -> 0 | K67: =IF(J67<$N$10,"tdk tuntas","tuntas") -> tdk tuntas | L67: =IF(J67<=39.9,"77",IF(J67<=59.9,"78",IF(J67<=69.9,"79",IF(J67<=74.9,"79",IF(J67<=78.9,"79",IF(J67<=78.9,"79",IF(J67>=78.9,J67," "))))))) -> 77 | M67: Banyak siswa yg tuntas | N67: =K91 -> 0 | Q67: =C67 -> Faaz Nizzar Ardiansyah | R67: =IF(I67<$N$10,"85","") -> 85 | T67: pengayaan
A68: 14 | C68: =DATA!D23 -> Hazel Javier Ozora | I68: =SUM(D68:H68) -> 0 | J68: =I68 -> 0 | K68: =IF(J68<$N$10,"tdk tuntas","tuntas") -> tdk tuntas | L68: =IF(J68<=39.9,"77",IF(J68<=59.9,"78",IF(J68<=69.9,"79",IF(J68<=74.9,"79",IF(J68<=78.9,"79",IF(J68<=78.9,"79",IF(J68>=78.9,J68," "))))))) -> 77 | M68: Prosentase ketuntasan | N68: =N67/N66*100 -> 0 | O68: % | Q68: =C68 -> Hazel Javier Ozora | R68: =IF(I68<$N$10,"85","") -> 85 | T68: Mempelajari materi / KD
A69: 15 | C69: =DATA!D24 -> Indika Dwi Laksono | I69: =SUM(D69:H69) -> 0 | J69: =I69 -> 0 | K69: =IF(J69<$N$10,"tdk tuntas","tuntas") -> tdk tuntas | L69: =IF(J69<=39.9,"77",IF(J69<=59.9,"78",IF(J69<=69.9,"79",IF(J69<=74.9,"79",IF(J69<=78.9,"79",IF(J69<=78.9,"79",IF(J69>=78.9,J69," "))))))) -> 77 | Q69: =C69 -> Indika Dwi Laksono | R69: =IF(I69<$N$10,"85","") -> 85 | T69: berikutnya
A70: 16 | C70: =DATA!D25 -> Indra Rahma Azzahra | I70: =SUM(D70:H70) -> 0 | J70: =I70 -> 0 | K70: =IF(J70<$N$10,"tdk tuntas","tuntas") -> tdk tuntas | L70: =IF(J70<=39.9,"77",IF(J70<=59.9,"78",IF(J70<=69.9,"79",IF(J70<=74.9,"79",IF(J70<=78.9,"79",IF(J70<=78.9,"79",IF(J70>=78.9,J70," "))))))) -> 77 | M70: b. Tuntas Individu | Q70: =C70 -> Indra Rahma Azzahra | R70: =IF(I70<$N$10,"84","") -> 84
A71: 17 | C71: =DATA!D26 -> Lutfia Asri Wahyuni | I71: =SUM(D71:H71) -> 0 | J71: =I71 -> 0 | K71: =IF(J71<$N$10,"tdk tuntas","tuntas") -> tdk tuntas | L71: =IF(J71<=39.9,"77",IF(J71<=59.9,"78",IF(J71<=69.9,"79",IF(J71<=74.9,"79",IF(J71<=78.9,"79",IF(J71<=78.9,"79",IF(J71>=78.9,J71," "))))))) -> 77 | Q71: =C71 -> Lutfia Asri Wahyuni | R71: =IF(I71<$N$10,"82","") -> 82 | T71: Guru Mata Pelajaran
A72: 18 | C72: =DATA!D27 -> Muhamad Fadil Khoiri | I72: =SUM(D72:H72) -> 0 | J72: =I72 -> 0 | K72: =IF(J72<$N$10,"tdk tuntas","tuntas") -> tdk tuntas | L72: =IF(J72<=39.9,"77",IF(J72<=59.9,"78",IF(J72<=69.9,"79",IF(J72<=74.9,"79",IF(J72<=78.9,"79",IF(J72<=78.9,"79",IF(J72>=78.9,J72," "))))))) -> 77 | Q72: =C72 -> Muhamad Fadil Khoiri | R72: =IF(I72<$N$10,"82","") -> 82
A73: 19 | C73: =DATA!D28 -> Muhammad Aqil Mufid | I73: =SUM(D73:H73) -> 0 | J73: =I73 -> 0 | K73: =IF(J73<$N$10,"tdk tuntas","tuntas") -> tdk tuntas | L73: =IF(J73<=39.9,"77",IF(J73<=59.9,"78",IF(J73<=69.9,"79",IF(J73<=74.9,"79",IF(J73<=78.9,"79",IF(J73<=78.9,"79",IF(J73>=78.9,J73," "))))))) -> 77 | Q73: =C73 -> Muhammad Aqil Mufid | R73: =IF(I73<$N$10,"82","") -> 82
A74: 20 | C74: =DATA!D29 -> Muhammad Danish Alzydan | I74: =SUM(D74:H74) -> 0 | J74: =I74 -> 0 | K74: =IF(J74<$N$10,"tdk tuntas","tuntas") -> tdk tuntas | L74: =IF(J74<=39.9,"77",IF(J74<=59.9,"78",IF(J74<=69.9,"79",IF(J74<=74.9,"79",IF(J74<=78.9,"79",IF(J74<=78.9,"79",IF(J74>=78.9,J74," "))))))) -> 77 | M74: Juml nilai perolehan sw | N74: =I91 -> 0 | Q74: =C74 -> Muhammad Danish Alzydan | R74: =IF(I74<$N$10,"82","") -> 82
A75: 21 | C75: =DATA!D30 -> Muhammad Nurul Huda | I75: =SUM(D75:H75) -> 0 | J75: =I75 -> 0 | K75: =IF(J75<$N$10,"tdk tuntas","tuntas") -> tdk tuntas | L75: =IF(J75<=39.9,"77",IF(J75<=59.9,"78",IF(J75<=69.9,"79",IF(J75<=74.9,"79",IF(J75<=78.9,"79",IF(J75<=78.9,"79",IF(J75>=78.9,J75," "))))))) -> 77 | M75: Juml nili seluruhnya | N75: =I92 -> 3400 | Q75: =C75 -> Muhammad Nurul Huda | R75: =IF(I75<$N$10,"82","") -> 82 | T75: =T28 -> KASMIN, S.Pd
A76: 22 | C76: =DATA!D31 -> Nada Aprillia Zulfa Fairuz | I76: =SUM(D76:H76) -> 0 | J76: =I76 -> 0 | K76: =IF(J76<$N$10,"tdk tuntas","tuntas") -> tdk tuntas | L76: =IF(J76<=39.9,"77",IF(J76<=59.9,"78",IF(J76<=69.9,"79",IF(J76<=74.9,"79",IF(J76<=78.9,"79",IF(J76<=78.9,"79",IF(J76>=78.9,J76," "))))))) -> 77 | M76: Prosentase ketuntasan | N76: =N74/N75*100 -> 0 | O76: % | Q76: =C76 -> Nada Aprillia Zulfa Fairuz | R76: =IF(I76<$N$10,"82","") -> 82 | T76: =T29 -> NIP : 196609141990031007
A77: 23 | C77: =DATA!D32 -> Nadaa Fadiyah Salsabila | I77: =SUM(D77:H77) -> 0 | J77: =I77 -> 0 | K77: =IF(J77<$N$10,"tdk tuntas","tuntas") -> tdk tuntas | L77: =IF(J77<=39.9,"77",IF(J77<=59.9,"78",IF(J77<=69.9,"79",IF(J77<=74.9,"79",IF(J77<=78.9,"79",IF(J77<=78.9,"79",IF(J77>=78.9,J77," "))))))) -> 77 | Q77: =C77 -> Nadaa Fadiyah Salsabila | R77: =IF(I77<$N$10,"82","") -> 82
A78: 24 | C78: =DATA!D33 -> Nayla Oriza Shatifa | I78: =SUM(D78:H78) -> 0 | J78: =I78 -> 0 | K78: =IF(J78<$N$10,"tdk tuntas","tuntas") -> tdk tuntas | L78: =IF(J78<=39.9,"77",IF(J78<=59.9,"78",IF(J78<=69.9,"79",IF(J78<=74.9,"79",IF(J78<=78.9,"79",IF(J78<=78.9,"79",IF(J78>=78.9,J78," "))))))) -> 77 | Q78: =C78 -> Nayla Oriza Shatifa | R78: =IF(I78<$N$10,"79","") -> 79 | T78: Kepala Sekolah
A79: 25 | C79: =DATA!D34 -> Raditya Eka Putra Yudha | I79: =SUM(D79:H79) -> 0 | J79: =I79 -> 0 | K79: =IF(J79<$N$10,"tdk tuntas","tuntas") -> tdk tuntas | L79: =IF(J79<=39.9,"77",IF(J79<=59.9,"78",IF(J79<=69.9,"79",IF(J79<=74.9,"79",IF(J79<=78.9,"79",IF(J79<=78.9,"79",IF(J79>=78.9,J79," "))))))) -> 77 | M79: Daya serap klasikal : | Q79: =C79 -> Raditya Eka Putra Yudha | R79: =IF(I79<$N$10,"79","") -> 79
A80: 26 | C80: =DATA!D35 -> Ragil Harlangga | I80: =SUM(D80:H80) -> 0 | J80: =I80 -> 0 | K80: =IF(J80<$N$10,"tdk tuntas","tuntas") -> tdk tuntas | L80: =IF(J80<=39.9,"77",IF(J80<=59.9,"78",IF(J80<=69.9,"79",IF(J80<=74.9,"79",IF(J80<=78.9,"79",IF(J80<=78.9,"79",IF(J80>=78.9,J80," "))))))) -> 77 | M80: Suatu kls dinytkn tuntas | Q80: =C80 -> Ragil Harlangga | R80: =IF(I80<$N$10,"79","") -> 79
A81: 27 | C81: =DATA!D36 -> Rasya Hidayatullah Putra Zatmiko | I81: =SUM(D81:H81) -> 0 | J81: =I81 -> 0 | K81: =IF(J81<$N$10,"tdk tuntas","tuntas") -> tdk tuntas | L81: =IF(J81<=39.9,"77",IF(J81<=59.9,"78",IF(J81<=69.9,"79",IF(J81<=74.9,"79",IF(J81<=78.9,"79",IF(J81<=78.9,"79",IF(J81>=78.9,J81," "))))))) -> 77 | M81: banyak siswa tts ≥ 85% | Q81: =C81 -> Rasya Hidayatullah Putra Zatmiko | R81: =IF(I81<$N$10,"79","") -> 79
A82: 28 | C82: =DATA!D37 -> Septiyana Trihapsari | I82: =SUM(D82:H82) -> 0 | J82: =I82 -> 0 | K82: =IF(J82<$N$10,"tdk tuntas","tuntas") -> tdk tuntas | L82: =IF(J82<=39.9,"77",IF(J82<=59.9,"78",IF(J82<=69.9,"79",IF(J82<=74.9,"79",IF(J82<=78.9,"79",IF(J82<=78.9,"79",IF(J82>=78.9,J82," "))))))) -> 77 | Q82: =C82 -> Septiyana Trihapsari | R82: =IF(I82<$N$10,"81","") -> 81
A83: 29 | C83: =DATA!D38 -> Syarifa Fatma | I83: =SUM(D83:H83) -> 0 | J83: =I83 -> 0 | K83: =IF(J83<$N$10,"tdk tuntas","tuntas") -> tdk tuntas | L83: =IF(J83<=39.9,"77",IF(J83<=59.9,"78",IF(J83<=69.9,"79",IF(J83<=74.9,"79",IF(J83<=78.9,"79",IF(J83<=78.9,"79",IF(J83>=78.9,J83," "))))))) -> 77 | Q83: =C83 -> Syarifa Fatma | R83: =IF(I83<$N$10,"85","") -> 85
A84: 30 | C84: =DATA!D39 -> Syauqi Lazuardi | I84: =SUM(D84:H84) -> 0 | J84: =I84 -> 0 | K84: =IF(J84<$N$10,"tdk tuntas","tuntas") -> tdk tuntas | L84: =IF(J84<=39.9,"77",IF(J84<=59.9,"78",IF(J84<=69.9,"79",IF(J84<=74.9,"79",IF(J84<=78.9,"79",IF(J84<=78.9,"79",IF(J84>=78.9,J84," "))))))) -> 77 | Q84: =C84 -> Syauqi Lazuardi | R84: =IF(I84<$N$10,"78","") -> 78 | T84: =T37 -> Dra. BAROKAH GUNIARTI
A85: 31 | C85: =DATA!D40 -> Zakya Ninu Azzahra | I85: =SUM(D85:H85) -> 0 | J85: =I85 -> 0 | K85: =IF(J85<$N$10,"tdk tuntas","tuntas") -> tdk tuntas | L85: =IF(J85<=39.9,"77",IF(J85<=59.9,"78",IF(J85<=69.9,"79",IF(J85<=74.9,"79",IF(J85<=78.9,"79",IF(J85<=78.9,"79",IF(J85>=78.9,J85," "))))))) -> 77 | M85: Kesimpulan : | Q85: =C85 -> Zakya Ninu Azzahra | R85: =IF(I85<$N$10,"84","") -> 84 | T85: =T38 -> NIP : 196901081996122004
A86: 32 | C86: =DATA!D41 -> Zivara Layly Amaratungga | I86: =SUM(D86:H86) -> 0 | J86: =I86 -> 0 | K86: =IF(J86<$N$10,"tdk tuntas","tuntas") -> tdk tuntas | L86: =IF(J86<=39.9,"77",IF(J86<=59.9,"78",IF(J86<=69.9,"79",IF(J86<=74.9,"79",IF(J86<=78.9,"79",IF(J86<=78.9,"79",IF(J86>=78.9,J86," "))))))) -> 77 | Q86: =C86 -> Zivara Layly Amaratungga | R86: =IF(I86<$N$10,"85","") -> 85
A87: 33 | C87: =DATA!D42 -> 0 | I87: =SUM(D87:H87) -> 0 | J87: =I87 -> 0 | K87: =IF(J87<$N$10,"tdk tuntas","tuntas") -> tdk tuntas | L87: =IF(J87<=39.9,"77",IF(J87<=59.9,"78",IF(J87<=69.9,"79",IF(J87<=74.9,"79",IF(J87<=78.9,"79",IF(J87<=78.9,"79",IF(J87>=78.9,J87," "))))))) -> 77 | M87: Perlu perbaikan siswa-siswa | Q87: =C87 -> 0 | R87: =IF(I87<$N$10,"83","") -> 83
A88: 34 | C88: =DATA!D43 -> 0 | I88: =SUM(D88:H88) -> 0 | J88: =I88 -> 0 | K88: =IF(J88<$N$10,"tdk tuntas","tuntas") -> tdk tuntas | L88: =IF(J88<=39.9,"77",IF(J88<=59.9,"78",IF(J88<=69.9,"79",IF(J88<=74.9,"79",IF(J88<=78.9,"79",IF(J88<=78.9,"79",IF(J88>=78.9,J88," "))))))) -> 77 | M88: yang nilainya < KKM. | Q88: =C88 -> 0 | R88: =IF(I88<$N$10,"80","") -> 80
A89: 35 | L89: =IF(J89<=39.9,"77",IF(J89<=59.9,"78",IF(J89<=69.9,"79",IF(J89<=74.9,"79",IF(J89<=78.9,"79",IF(J89<=78.9,"79",IF(J89>=78.9,J89," "))))))) -> 77 | M89: atau yang tidak tuntas
A90: Rataan | I90: =AVERAGE(I55:I89) -> 0 | R90: =C51 -> 9B
A91: Jumlah scor | D91: =SUM(D55:D89) -> 0 | E91: =SUM(E55:E89) -> 0 | F91: =SUM(F55:F89) -> 0 | G91: =SUM(G55:G89) -> 0 | H91: =SUM(H55:H89) -> 0 | I91: =SUM(D91:H91) -> 0 | J91: tuntas | K91: =COUNTIF(K55:K89,J91) -> 0
A92: Scor maksimum | D92: =D53*K93 -> 680 | E92: =E53*K93 -> 680 | F92: =F53*K93 -> 680 | G92: =G53*K93 -> 680 | H92: =H53*K93 -> 680 | I92: =SUM(D92:H92) -> 3400 | J92: tdk tuntas | K92: =COUNTIF(K55:K89,J92) -> 34
A93: Prosentase Pencapaian | D93: =D91/D92*100 -> 0 | E93: =E91/E92*100 -> 0 | F93: =F91/F92*100 -> 0 | G93: =G91/G92*100 -> 0 | H93: =H91/H92*100 -> 0 | I93: =I91/I92*100 -> 0 | J93: Juml | K93: =SUM(K91:K92) -> 34
A95: ='UH1'!A95 -> ANALISA HASIL PH MATEMATIKA KLS IX SMT GENAP | Q95: PROGRAM DAN PELAKSANAAN
A96: =A49 -> SMP I LIMBANGAN TH 2025/2026 | Q96: PERBAIKAN / PENGAYAAN
A98: KLS | C98: =DATA!F8 -> 9C | D98: UH ke : | F98: =F4 -> 4 | I98: Tanggal : | M98: SK no : | N98: =N4 -> 1 | Q98: Waktu pelaksanaan :
C99: No Soal | D99: 1 | E99: 2 | F99: 3 | G99: 4 | H99: 5 | I99: JUM | J99: % | K99: KETUN | L99: NILAI | M99: KETERANGAN | R99: HASIL
A100: NO | B100: NIS | C100: Scor | D100: =D53 -> 20 | E100: =E53 -> 20 | F100: =F53 -> 20 | G100: =G53 -> 20 | H100: =H53 -> 20 | I100: =SUM(D100:H100) -> 100 | J100: Keter | K100: TASAN | L100: SETLH | Q100: NAMA | R100: PERBK | S100: URAIAN PROGRAM
C101: NAMA | J101: capaian | L101: PERBKN | R101: PGYAAN
A102: 1 | C102: =DATA!F10 -> Ahmad Husain | I102: =SUM(D102:H102) -> 0 | J102: =I102 -> 0 | K102: =IF(J102<$N$10,"tdk tuntas","tuntas") -> tdk tuntas | L102: =IF(J102<=39.9,"77",IF(J102<=59.9,"78",IF(J102<=69.9,"79",IF(J102<=74.9,"79",IF(J102<=78.9,"79",IF(J102<=78.9,"79",IF(J102>=78.9,J102," "))))))) -> 77 | Q102: =C102 -> Ahmad Husain | R102: =IF(I102<$N$10,"80","") -> 80
A103: 2 | C103: =DATA!F12 -> Alfino Kurniawan | I103: =SUM(D103:H103) -> 0 | J103: =I103 -> 0 | K103: =IF(J103<$N$10,"tdk tuntas","tuntas") -> tdk tuntas | L103: =IF(J103<=39.9,"77",IF(J103<=59.9,"78",IF(J103<=69.9,"79",IF(J103<=74.9,"79",IF(J103<=78.9,"79",IF(J103<=78.9,"79",IF(J103>=78.9,J103," "))))))) -> 77 | Q103: =C103 -> Alfino Kurniawan | R103: =IF(I103<$N$10,"79","") -> 79 | S103: PERBAIKAN
A104: 3 | C104: =DATA!F13 -> Alif Jalu Adil | I104: =SUM(D104:H104) -> 0 | J104: =I104 -> 0 | K104: =IF(J104<$N$10,"tdk tuntas","tuntas") -> tdk tuntas | L104: =IF(J104<=39.9,"77",IF(J104<=59.9,"78",IF(J104<=69.9,"79",IF(J104<=74.9,"79",IF(J104<=78.9,"79",IF(J104<=78.9,"79",IF(J104>=78.9,J104," "))))))) -> 77 | M104: KKM | N104: =N10 -> 80 | Q104: =C104 -> Alif Jalu Adil | R104: =IF(I104<$N$10,"81","") -> 81
A105: 4 | C105: =DATA!F14 -> Almira Tian Az Zahra | I105: =SUM(D105:H105) -> 0 | J105: =I105 -> 0 | K105: =IF(J105<$N$10,"tdk tuntas","tuntas") -> tdk tuntas | L105: =IF(J105<=39.9,"77",IF(J105<=59.9,"78",IF(J105<=69.9,"79",IF(J105<=74.9,"79",IF(J105<=78.9,"79",IF(J105<=78.9,"79",IF(J105>=78.9,J105," "))))))) -> 77 | Q105: =C105 -> Almira Tian Az Zahra | R105: =IF(I105<$N$10,"79","") -> 79 | T105: Membuat rangkuman
...

Sheet UH5

Sheet RAPORT
C1: DAFTAR NILAI MATEMATIKA SMT 1 TP 2025/2026
N2: copi ke | Q2: 9A
N3: E RAPORT
A4: NO | C4: NAMA | D4: PH | I4: RT | J4: UHB &UJIAN | L4: RPT | N4: SMT 2 | O4: SMT 1 | P4: RANKING
D5: P1 | F5: P2 | H5: P3 | I5: PH | J5: asli | K5: konvr | P5: SMT 2 | Q5: SMT 1
A6: 1 | B6: 1 | C6: =DATA!B10 -> Affan Bagus Ramadhani | D6: ='UH1'!L8 -> 80 | F6: =UHB!L8 -> 81 | I6: =(D6+F6)/2 -> 80.5 | J6: 39.5 | K6: =J6+25 -> 64.5 | L6: =I6*0.75+K6*0.25 -> 76.5 | N6: 82 | O6: 80 | P6: =RANK(N6,$N$6:$N$40,0) -> 14 | Q6: =RANK(O6,$O$6:$O$40,0) -> 23
A7: 2 | B7: 2 | C7: =DATA!B11 -> Affansa Rayya Assalafi | D7: ='UH1'!L9 -> 80 | F7: =UHB!L9 -> 81 | I7: =(D7+F7)/2 -> 80.5 | J7: 36.5 | K7: =J7+25 -> 61.5 | L7: =I7*0.75+K7*0.25 -> 75.75 | N7: 81 | O7: 82 | P7: =RANK(N7,$N$6:$N$40,0) -> 18 | Q7: =RANK(O7,$O$6:$O$40,0) -> 10
A8: 3 | B8: 3 | C8: =DATA!B12 -> Agel Fransiska | D8: ='UH1'!L10 -> 81 | F8: =UHB!L10 -> 81 | I8: =(D8+F8)/2 -> 81 | J8: 38.5 | K8: =J8+25 -> 63.5 | L8: =I8*0.75+K8*0.25 -> 76.625 | N8: 82 | O8: 80 | P8: =RANK(N8,$N$6:$N$40,0) -> 14 | Q8: =RANK(O8,$O$6:$O$40,0) -> 23 | V8: asli | W8: konvrs
A9: 4 | B9: 4 | C9: =DATA!B13 -> Alfin Putra Firmansyah | D9: ='UH1'!L11 -> 82 | F9: =UHB!L11 -> 80 | I9: =(D9+F9)/2 -> 81 | J9: 27.5 | K9: =J9+25 -> 52.5 | L9: =I9*0.75+K9*0.25 -> 73.875 | N9: 80 | O9: 81 | P9: =RANK(N9,$N$6:$N$40,0) -> 22 | Q9: =RANK(O9,$O$6:$O$40,0) -> 15 | S9: Limbangan, 15 Mei 2026
A10: 5 | B10: 5 | C10: =DATA!B14 -> Almira Sadia Qonitah | D10: ='UH1'!L12 -> 80 | F10: =UHB!L12 -> 81 | I10: =(D10+F10)/2 -> 80.5 | J10: 40.5 | K10: =J10+25 -> 65.5 | L10: =I10*0.75+K10*0.25 -> 76.75 | N10: 86 | O10: 89 | P10: =RANK(N10,$N$6:$N$40,0) -> 8 | Q10: =RANK(O10,$O$6:$O$40,0) -> 2 | V10: 70
A11: 6 | B11: 6 | C11: =DATA!B15 -> Arif Perdana Putra | D11: ='UH1'!L13 -> 80 | F11: =UHB!L13 -> 80 | I11: =(D11+F11)/2 -> 80 | J11: 28 | K11: =J11+25 -> 53 | L11: =I11*0.75+K11*0.25 -> 73.25 | N11: 80 | O11: 82 | P11: =RANK(N11,$N$6:$N$40,0) -> 22 | Q11: =RANK(O11,$O$6:$O$40,0) -> 10 | S11: Guru Mata Pelajaran | V11: 71
A12: 7 | B12: 7 | C12: =DATA!B16 -> Asifa Nariyati | D12: ='UH1'!L14 -> 80 | F12: =UHB!L14 -> 81 | I12: =(D12+F12)/2 -> 80.5 | J12: 32.5 | K12: =J12+25 -> 57.5 | L12: =I12*0.75+K12*0.25 -> 74.75 | N12: 80 | O12: 81 | P12: =RANK(N12,$N$6:$N$40,0) -> 22 | Q12: =RANK(O12,$O$6:$O$40,0) -> 15 | V12: 72
A13: 8 | B13: 8 | C13: =DATA!B17 -> Calvin Mandala Putra | D13: ='UH1'!L15 -> 80 | F13: =UHB!L15 -> 80 | I13: =(D13+F13)/2 -> 80 | J13: 34.5 | K13: =J13+25 -> 59.5 | L13: =I13*0.75+K13*0.25 -> 74.875 | N13: 80 | O13: 80 | P13: =RANK(N13,$N$6:$N$40,0) -> 22 | Q13: =RANK(O13,$O$6:$O$40,0) -> 23 | V13: 73
A14: 9 | B14: 9 | C14: =DATA!B18 -> Decha Rifqoh Alma Dhini | D14: ='UH1'!L16 -> 80 | F14: =UHB!L16 -> 80 | I14: =(D14+F14)/2 -> 80 | J14: 32.5 | K14: =J14+25 -> 57.5 | L14: =I14*0.75+K14*0.25 -> 74.375 | N14: 80 | O14: 81 | P14: =RANK(N14,$N$6:$N$40,0) -> 22 | Q14: =RANK(O14,$O$6:$O$40,0) -> 15 | V14: 74
A15: 10 | B15: 10 | C15: =DATA!B19 -> Fathir Hibatullah Harahap | D15: ='UH1'!L17 -> 80 | F15: =UHB!L17 -> 81 | I15: =(D15+F15)/2 -> 80.5 | J15: 42.5 | K15: =J15+25 -> 67.5 | L15: =I15*0.75+K15*0.25 -> 77.25 | N15: 82 | O15: 81 | P15: =RANK(N15,$N$6:$N$40,0) -> 14 | Q15: =RANK(O15,$O$6:$O$40,0) -> 15 | S15: KASMIN, S.Pd | V15: 75 | W15: 80
A16: 11 | B16: 11 | C16: =DATA!B20 -> Gendhis Putri Ayreanti | D16: ='UH1'!L18 -> 81 | F16: =UHB!L18 -> 82 | I16: =(D16+F16)/2 -> 81.5 | J16: 50 | K16: =J16+25 -> 75 | L16: =I16*0.75+K16*0.25 -> 79.875 | N16: 85 | O16: 83 | P16: =RANK(N16,$N$6:$N$40,0) -> 9 | Q16: =RANK(O16,$O$6:$O$40,0) -> 9 | S16: NIP : 196609141990031007 | V16: 76 | W16: 81
A17: 12 | B17: 12 | C17: =DATA!B21 -> Habibi Lazuardi | D17: ='UH1'!L19 -> 90 | F17: =UHB!L19 -> 81 | I17: =(D17+F17)/2 -> 85.5 | J17: 44.5 | K17: =J17+25 -> 69.5 | L17: =I17*0.75+K17*0.25 -> 81.5 | N17: 87 | O17: 86 | P17: =RANK(N17,$N$6:$N$40,0) -> 6 | Q17: =RANK(O17,$O$6:$O$40,0) -> 4 | V17: 77 | W17: 82
A18: 13 | B18: 13 | C18: =DATA!B22 -> Herina Sasha Rasati | D18: ='UH1'!L20 -> 80 | F18: =UHB!L20 -> 81 | I18: =(D18+F18)/2 -> 80.5 | J18: 42.5 | K18: =J18+25 -> 67.5 | L18: =I18*0.75+K18*0.25 -> 77.25 | N18: 84 | O18: 88 | P18: =RANK(N18,$N$6:$N$40,0) -> 10 | Q18: =RANK(O18,$O$6:$O$40,0) -> 3 | V18: 78 | W18: 83
A19: 14 | B19: 14 | C19: =DATA!B23 -> Ivan Adi Saputra | D19: ='UH1'!L21 -> 80 | F19: =UHB!L21 -> 80 | I19: =(D19+F19)/2 -> 80 | J19: 31.5 | K19: =J19+25 -> 56.5 | L19: =I19*0.75+K19*0.25 -> 74.125 | N19: 80 | O19: 80 | P19: =RANK(N19,$N$6:$N$40,0) -> 22 | Q19: =RANK(O19,$O$6:$O$40,0) -> 23 | S19: Kepala Sekolah | V19: 79 | W19: 84
A20: 15 | B20: 15 | C20: =DATA!B24 -> Ivander Veda Ardyanta | D20: ='UH1'!L22 -> 90 | F20: =UHB!L22 -> 82 | I20: =(D20+F20)/2 -> 86 | J20: 56 | K20: =J20+25 -> 81 | L20: =I20*0.75+K20*0.25 -> 84.75 | N20: 90 | O20: 81 | P20: =RANK(N20,$N$6:$N$40,0) -> 3 | Q20: =RANK(O20,$O$6:$O$40,0) -> 15 | V20: 80 | W20: 85
A21: 16 | B21: 16 | C21: =DATA!B25 -> Keysa Lutfi Yana Putri | D21: ='UH1'!L23 -> 80 | F21: =UHB!L23 -> 80 | I21: =(D21+F21)/2 -> 80 | J21: 33 | K21: =J21+25 -> 58 | L21: =I21*0.75+K21*0.25 -> 74.5 | N21: 80 | O21: 81 | P21: =RANK(N21,$N$6:$N$40,0) -> 22 | Q21: =RANK(O21,$O$6:$O$40,0) -> 15 | V21: 81 | W21: 86
A22: 17 | B22: 17 | C22: =DATA!B26 -> Khanaya Putri Emeyliana | D22: ='UH1'!L24 -> 80 | F22: =UHB!L24 -> 80 | I22: =(D22+F22)/2 -> 80 | J22: 30 | K22: =J22+25 -> 55 | L22: =I22*0.75+K22*0.25 -> 73.75 | N22: 80 | O22: 82 | P22: =RANK(N22,$N$6:$N$40,0) -> 22 | Q22: =RANK(O22,$O$6:$O$40,0) -> 10 | V22: 82 | W22: 87
A23: 18 | B23: 18 | C23: =DATA!B27 -> Khoirul Rodzikin | D23: ='UH1'!L25 -> 80 | F23: =UHB!L25 -> 80 | I23: =(D23+F23)/2 -> 80 | J23: 33 | K23: =J23+25 -> 58 | L23: =I23*0.75+K23*0.25 -> 74.5 | N23: 80 | O23: 80 | P23: =RANK(N23,$N$6:$N$40,0) -> 22 | Q23: =RANK(O23,$O$6:$O$40,0) -> 23 | V23: 83 | W23: 88
A24: 19 | B24: 19 | C24: =DATA!B28 -> Livia Mozavina | D24: ='UH1'!L26 -> 81 | F24: =UHB!L26 -> 81 | I24: =(D24+F24)/2 -> 81 | J24: 46.5 | K24: =J24+25 -> 71.5 | L24: =I24*0.75+K24*0.25 -> 78.625 | N24: 84 | O24: 80 | P24: =RANK(N24,$N$6:$N$40,0) -> 10 | Q24: =RANK(O24,$O$6:$O$40,0) -> 23 | S24: =DATA!D3 -> Dra. BAROKAH GUNIARTI | V24: 84 | W24: 89
A25: 20 | B25: 20 | C25: =DATA!B29 -> Milatul Ulya Azzahra | D25: ='UH1'!L27 -> 100 | F25: =UHB!L27 -> 81 | I25: =(D25+F25)/2 -> 90.5 | J25: 47 | K25: =J25+25 -> 72 | L25: =I25*0.75+K25*0.25 -> 85.875 | N25: 91 | O25: 85 | P25: =RANK(N25,$N$6:$N$40,0) -> 2 | Q25: =RANK(O25,$O$6:$O$40,0) -> 6 | S25: =DATA!D4 -> NIP : 196901081996122004 | V25: 85 | W25: 90
A26: 21 | B26: 21 | C26: =DATA!B30 -> Muhammad Arif Pratama | D26: ='UH1'!L28 -> 80 | F26: =UHB!L28 -> 81 | I26: =(D26+F26)/2 -> 80.5 | J26: 38.5 | K26: =J26+25 -> 63.5 | L26: =I26*0.75+K26*0.25 -> 76.25 | N26: 81 | O26: 80 | P26: =RANK(N26,$N$6:$N$40,0) -> 18 | Q26: =RANK(O26,$O$6:$O$40,0) -> 23 | V26: 86 | W26: 91
A27: 22 | B27: 22 | C27: =DATA!B31 -> Muhammad Fahri Khoirudin | D27: ='UH1'!L29 -> 82 | F27: =UHB!L29 -> 81 | I27: =(D27+F27)/2 -> 81.5 | J27: 41 | K27: =J27+25 -> 66 | L27: =I27*0.75+K27*0.25 -> 77.625 | N27: 83 | O27: 84 | P27: =RANK(N27,$N$6:$N$40,0) -> 13 | Q27: =RANK(O27,$O$6:$O$40,0) -> 7 | V27: 87 | W27: 92
A28: 23 | B28: 23 | C28: =DATA!B32 -> Muhammad Rakha Razansyah | D28: ='UH1'!L30 -> 100 | F28: =UHB!L30 -> 82 | I28: =(D28+F28)/2 -> 91 | J28: 47 | K28: =J28+25 -> 72 | L28: =I28*0.75+K28*0.25 -> 86.25 | N28: 90 | O28: 84 | P28: =RANK(N28,$N$6:$N$40,0) -> 3 | Q28: =RANK(O28,$O$6:$O$40,0) -> 7 | V28: 88 | W28: 93
A29: 24 | B29: 24 | C29: =DATA!B33 -> Mutiara Dewi Khusna | D29: ='UH1'!L31 -> 82 | F29: =UHB!L31 -> 80 | I29: =(D29+F29)/2 -> 81 | J29: 32 | K29: =J29+25 -> 57 | L29: =I29*0.75+K29*0.25 -> 75 | N29: 80 | O29: 80 | P29: =RANK(N29,$N$6:$N$40,0) -> 22 | Q29: =RANK(O29,$O$6:$O$40,0) -> 23 | V29: 89 | W29: 94
A30: 25 | B30: 25 | C30: =DATA!B34 -> Qeysya Nabila Maharani | D30: ='UH1'!L32 -> 83 | F30: =UHB!L32 -> 81 | I30: =(D30+F30)/2 -> 82 | J30: 38.5 | K30: =J30+25 -> 63.5 | L30: =I30*0.75+K30*0.25 -> 77.375 | N30: 82 | O30: 82 | P30: =RANK(N30,$N$6:$N$40,0) -> 14 | Q30: =RANK(O30,$O$6:$O$40,0) -> 10 | V30: 90 | W30: 95
A31: 26 | B31: 26 | C31: =DATA!B35 -> Raihan Akbar Ramadhan | D31: ='UH1'!L33 -> 80 | F31: =UHB!L33 -> 82 | I31: =(D31+F31)/2 -> 81 | J31: 49.5 | K31: =J31+25 -> 74.5 | L31: =I31*0.75+K31*0.25 -> 79.375 | N31: 84 | O31: 80 | P31: =RANK(N31,$N$6:$N$40,0) -> 10 | Q31: =RANK(O31,$O$6:$O$40,0) -> 23
A32: 27 | B32: 27 | C32: =DATA!B36 -> Ramadhani | D32: ='UH1'!L34 -> 80 | F32: =UHB!L34 -> 81 | I32: =(D32+F32)/2 -> 80.5 | J32: 37.5 | K32: =J32+25 -> 62.5 | L32: =I32*0.75+K32*0.25 -> 76 | N32: 81 | O32: 81 | P32: =RANK(N32,$N$6:$N$40,0) -> 18 | Q32: =RANK(O32,$O$6:$O$40,0) -> 15
A33: 28 | B33: 28 | C33: =DATA!B37 -> Rangga Putra Raditya | D33: ='UH1'!L35 -> 80 | F33: =UHB!L35 -> 80 | I33: =(D33+F33)/2 -> 80 | J33: 25.5 | K33: =J33+25 -> 50.5 | L33: =I33*0.75+K33*0.25 -> 72.625 | N33: 80 | O33: 81 | P33: =RANK(N33,$N$6:$N$40,0) -> 22 | Q33: =RANK(O33,$O$6:$O$40,0) -> 15
A34: 29 | B34: 29 | C34: =DATA!B38 -> Safa Nasila Anajwa | D34: ='UH1'!L36 -> 100 | F34: =UHB!L36 -> 81 | I34: =(D34+F34)/2 -> 90.5 | J34: 40.5 | K34: =J34+25 -> 65.5 | L34: =I34*0.75+K34*0.25 -> 84.25 | N34: 89 | O34: 82 | P34: =RANK(N34,$N$6:$N$40,0) -> 5 | Q34: =RANK(O34,$O$6:$O$40,0) -> 10
A35: 30 | B35: 30 | C35: =DATA!B39 -> Sila Ayu Kurnia | D35: ='UH1'!L37 -> 90 | F35: =UHB!L37 -> 81 | I35: =(D35+F35)/2 -> 85.5 | J35: 44.5 | K35: =J35+25 -> 69.5 | L35: =I35*0.75+K35*0.25 -> 81.5 | N35: 87 | O35: 86 | P35: =RANK(N35,$N$6:$N$40,0) -> 6 | Q35: =RANK(O35,$O$6:$O$40,0) -> 4
A36: 31 | B36: 31 | C36: =DATA!B40 -> Sindhi Nandha Lusia | D36: ='UH1'!L38 -> 80 | F36: =UHB!L38 -> 81 | I36: =(D36+F36)/2 -> 80.5 | J36: 39 | K36: =J36+25 -> 64 | L36: =I36*0.75+K36*0.25 -> 76.375 | N36: 81 | O36: 80 | P36: =RANK(N36,$N$6:$N$40,0) -> 18 | Q36: =RANK(O36,$O$6:$O$40,0) -> 23
A37: 32 | B37: 32 | C37: =DATA!B41 -> Siti Alfiani | D37: 90 | F37: 90 | I37: =(D37+F37)/2 -> 90 | J37: 43.5 | K37: =J37+25 -> 68.5 | L37: =I37*0.75+K37*0.25 -> 84.625 | N37: 92 | O37: 95 | P37: =RANK(N37,$N$6:$N$40,0) -> 1 | Q37: =RANK(O37,$O$6:$O$40,0) -> 1
A38: 33
A39: 34
A40: 35
C42: L | J42: =COUNTIF(J6:J40,">=79,5") -> 0 | K42: =COUNTIF(K6:K40,">=79,5") -> 1 | L42: =COUNTIF(L6:L40,">=79,5") -> 8 | N42: =COUNTIF(N6:N40,">=79,5") -> 32 | O42: =COUNTIF(O6:O40,">=79,5") -> 32
C43: TL | J43: =COUNTIF(J6:J40,"<79,5") -> 32 | K43: =COUNTIF(K6:K40,"<79,5") -> 31 | L43: =COUNTIF(L6:L40,"<79,5") -> 24 | N43: =COUNTIF(N6:N40,"<79,5") -> 0 | O43: =COUNTIF(O6:O40,"<79,5") -> 0
C44: NILAI TERENDAH | J44: =MIN(J6:J40) -> 25.5 | K44: =MIN(K6:K40) -> 50.5 | L44: =MIN(L6:L40) -> 72.625 | N44: =MIN(N6:N40) -> 80 | O44: =MIN(O6:O40) -> 80
C45: NILAI TERTINGGI | J45: =MAX(J6:J40) -> 56 | K45: =MAX(K6:K40) -> 81 | L45: =MAX(L6:L40) -> 86.25 | N45: =MAX(N6:N40) -> 92 | O45: =MAX(O6:O40) -> 95
C46: NILAI RATA-RATA | J46: =AVERAGE(J6:J40) -> 38.859375 | K46: =AVERAGE(K6:K40) -> 63.859375 | L46: =AVERAGE(L6:L40) -> 77.6875 | N46: =AVERAGE(N6:N40) -> 83.25 | O46: =AVERAGE(O6:O40) -> 82.4375
C50: =C1 -> DAFTAR NILAI MATEMATIKA SMT 1 TP 2025/2026
N51: copi ke | Q51: 9B
N52: E RAPORT
A53: NO | C53: NAMA | D53: PH | I53: RT | J53: PTS & ASAS | L53: RPT | N53: SMT 2 | O53: SMT 1 | P53: RANKING
D54: P1 | F54: P2 | H54: P3 | I54: PH | J54: asli | K54: konvr | P54: SMT 2 | Q54: SMT 1
A55: 1 | C55: =DATA!D10 -> Abid Lionel Abdillah | D55: ='UH1'!L55 -> 100 | F55: =UHB!L55 -> 80 | I55: =(D55+F55)/2 -> 90 | J55: 33.5 | K55: =J55+25 -> 58.5 | L55: =I55*0.75+K55*0.25 -> 82.125 | N55: 87 | O55: 80 | P55: =RANK(N55,$N$55:$N$89,0) -> 9 | Q55: =RANK(O55,$O$55:$O$89,0) -> 22
A56: 2 | C56: =DATA!D11 -> Aditria Bintang Mustofa | D56: ='UH1'!L56 -> 80 | F56: =UHB!L56 -> 80 | I56: =(D56+F56)/2 -> 80 | J56: 32.5 | K56: =J56+25 -> 57.5 | L56: =I56*0.75+K56*0.25 -> 74.375 | N56: 80 | O56: 80 | P56: =RANK(N56,$N$55:$N$89,0) -> 18 | Q56: =RANK(O56,$O$55:$O$89,0) -> 22
A57: 3 | C57: =DATA!D12 -> Agni Wulan Pramesti | D57: ='UH1'!L57 -> 100 | F57: =UHB!L57 -> 80 | I57: =(D57+F57)/2 -> 90 | J57: 34 | K57: =J57+25 -> 59 | L57: =I57*0.75+K57*0.25 -> 82.25 | N57: 87 | O57: 83 | P57: =RANK(N57,$N$55:$N$89,0) -> 9 | Q57: =RANK(O57,$O$55:$O$89,0) -> 6 | V57: asli | W57: konvrs
A58: 4 | C58: =DATA!D13 -> Ahmad Irfan Annadif | D58: ='UH1'!L58 -> 81 | F58: =UHB!L58 -> 80 | I58: =(D58+F58)/2 -> 80.5 | J58: 31.5 | K58: =J58+25 -> 56.5 | L58: =I58*0.75+K58*0.25 -> 74.5 | N58: 80 | O58: 81 | P58: =RANK(N58,$N$55:$N$89,0) -> 18 | Q58: =RANK(O58,$O$55:$O$89,0) -> 15 | S58: =S9 -> Limbangan, 15 Mei 2026
A59: 5 | C59: =DATA!D14 -> Alesha Najwa Adelia | D59: ='UH1'!L59 -> 80 | F59: =UHB!L59 -> 80 | I59: =(D59+F59)/2 -> 80 | J59: 35 | K59: =J59+25 -> 60 | L59: =I59*0.75+K59*0.25 -> 75 | N59: 80 | O59: 80 | P59: =RANK(N59,$N$55:$N$89,0) -> 18 | Q59: =RANK(O59,$O$55:$O$89,0) -> 22 | V59: 70
A60: 6 | C60: =DATA!D15 -> Ana Kharisma Wardani | D60: ='UH1'!L60 -> 80 | F60: =UHB!L60 -> 83 | I60: =(D60+F60)/2 -> 81.5 | J60: 55.5 | K60: =J60+25 -> 80.5 | L60: =I60*0.75+K60*0.25 -> 81.25 | N60: 86 | O60: 84 | P60: =RANK(N60,$N$55:$N$89,0) -> 13 | Q60: =RANK(O60,$O$55:$O$89,0) -> 4 | S60: Guru Mata Pelajaran | V60: 71
A61: 7 | C61: =DATA!D16 -> Angga Rizki Satriya Utama | D61: ='UH1'!L61 -> 80 | F61: =UHB!L61 -> 80 | I61: =(D61+F61)/2 -> 80 | J61: 30 | K61: =J61+25 -> 55 | L61: =I61*0.75+K61*0.25 -> 73.75 | N61: 80 | O61: 82 | P61: =RANK(N61,$N$55:$N$89,0) -> 18 | Q61: =RANK(O61,$O$55:$O$89,0) -> 11 | V61: 72
A62: 8 | C62: =DATA!D17 -> Ardiyan Vebri Pratama | D62: ='UH1'!L62 -> 80 | F62: =UHB!L62 -> 80 | I62: =(D62+F62)/2 -> 80 | J62: 34.5 | K62: =J62+25 -> 59.5 | L62: =I62*0.75+K62*0.25 -> 74.875 | N62: 80 | O62: 80 | P62: =RANK(N62,$N$55:$N$89,0) -> 18 | Q62: =RANK(O62,$O$55:$O$89,0) -> 22 | V62: 73
A63: 9 | C63: =DATA!D18 -> Aurel Azza Adellia Putri | D63: ='UH1'!L63 -> 100 | F63: =UHB!L63 -> 80 | I63: =(D63+F63)/2 -> 90 | J63: 35.5 | K63: =J63+25 -> 60.5 | L63: =I63*0.75+K63*0.25 -> 82.625 | N63: 88 | O63: 80 | P63: =RANK(N63,$N$55:$N$89,0) -> 7 | Q63: =RANK(O63,$O$55:$O$89,0) -> 22 | V63: 74
A64: 10 | C64: =DATA!D19 -> Darasti Keyshafa Azumi | D64: ='UH1'!L64 -> 80 | F64: =UHB!L64 -> 80 | I64: =(D64+F64)/2 -> 80 | J64: 36 | K64: =J64+25 -> 61 | L64: =I64*0.75+K64*0.25 -> 75.25 | N64: 80 | O64: 80 | P64: =RANK(N64,$N$55:$N$89,0) -> 18 | Q64: =RANK(O64,$O$55:$O$89,0) -> 22 | S64: KASMIN, S.Pd | V64: 75 | W64: 80
A65: 11 | C65: =DATA!D20 -> Dea Resti Lian Dana Sari | D65: ='UH1'!L65 -> 81 | F65: =UHB!L65 -> 80 | I65: =(D65+F65)/2 -> 80.5 | J65: 50 | K65: =J65+25 -> 75 | L65: =I65*0.75+K65*0.25 -> 79.125 | N65: 90 | O65: 90 | P65: =RANK(N65,$N$55:$N$89,0) -> 2 | Q65: =RANK(O65,$O$55:$O$89,0) -> 2 | S65: NIP : 196609141990031007 | V65: 76 | W65: 81
A66: 12 | C66: =DATA!D21 -> Desta Dwi Lestari | D66: ='UH1'!L66 -> 100 | F66: =UHB!L66 -> 80 | I66: =(D66+F66)/2 -> 90 | J66: 41.5 | K66: =J66+25 -> 66.5 | L66: =I66*0.75+K66*0.25 -> 84.125 | N66: 89 | O66: 81 | P66: =RANK(N66,$N$55:$N$89,0) -> 4 | Q66: =RANK(O66,$O$55:$O$89,0) -> 15 | V66: 77 | W66: 82
A67: 13 | C67: =DATA!D22 -> Faaz Nizzar Ardiansyah | D67: ='UH1'!L67 -> 80 | F67: =UHB!L67 -> 80 | I67: =(D67+F67)/2 -> 80 | J67: 24.5 | K67: =J67+25 -> 49.5 | L67: =I67*0.75+K67*0.25 -> 72.375 | N67: 80 | O67: 81 | P67: =RANK(N67,$N$55:$N$89,0) -> 18 | Q67: =RANK(O67,$O$55:$O$89,0) -> 15 | V67: 78 | W67: 83
A68: 14 | C68: =DATA!D23 -> Hazel Javier Ozora | D68: ='UH1'!L68 -> 90 | F68: =UHB!L68 -> 81 | I68: =(D68+F68)/2 -> 85.5 | J68: 41.5 | K68: =J68+25 -> 66.5 | L68: =I68*0.75+K68*0.25 -> 80.75 | N68: 86 | O68: 84 | P68: =RANK(N68,$N$55:$N$89,0) -> 13 | Q68: =RANK(O68,$O$55:$O$89,0) -> 4 | S68: Kepala Sekolah | V68: 79 | W68: 84
A69: 15 | C69: =DATA!D24 -> Indika Dwi Laksono | D69: ='UH1'!L69 -> 100 | F69: =UHB!L69 -> 80 | I69: =(D69+F69)/2 -> 90 | J69: 36 | K69: =J69+25 -> 61 | L69: =I69*0.75+K69*0.25 -> 82.75 | N69: 88 | O69: 81 | P69: =RANK(N69,$N$55:$N$89,0) -> 7 | Q69: =RANK(O69,$O$55:$O$89,0) -> 15 | V69: 80 | W69: 85
A70: 16 | C70: =DATA!D25 -> Indra Rahma Azzahra | D70: ='UH1'!L70 -> 100 | F70: =UHB!L70 -> 81 | I70: =(D70+F70)/2 -> 90.5 | J70: 52 | K70: =J70+25 -> 77 | L70: =I70*0.75+K70*0.25 -> 87.125 | N70: 92 | O70: 94 | P70: =RANK(N70,$N$55:$N$89,0) -> 1 | Q70: =RANK(O70,$O$55:$O$89,0) -> 1 | V70: 81 | W70: 86
A71: 17 | C71: =DATA!D26 -> Lutfia Asri Wahyuni | D71: ='UH1'!L71 -> 80 | F71: =UHB!L71 -> 80 | I71: =(D71+F71)/2 -> 80 | J71: 31.5 | K71: =J71+25 -> 56.5 | L71: =I71*0.75+K71*0.25 -> 74.125 | N71: 80 | O71: 80 | P71: =RANK(N71,$N$55:$N$89,0) -> 18 | Q71: =RANK(O71,$O$55:$O$89,0) -> 22 | V71: 82 | W71: 87
A72: 18 | C72: =DATA!D27 -> Muhamad Fadil Khoiri | D72: ='UH1'!L72 -> 100 | F72: =UHB!L72 -> 81 | I72: =(D72+F72)/2 -> 90.5 | J72: 44 | K72: =J72+25 -> 69 | L72: =I72*0.75+K72*0.25 -> 85.125 | N72: 90 | O72: 82 | P72: =RANK(N72,$N$55:$N$89,0) -> 2 | Q72: =RANK(O72,$O$55:$O$89,0) -> 11 | V72: 83 | W72: 88
A73: 19 | C73: =DATA!D28 -> Muhammad Aqil Mufid | D73: ='UH1'!L73 -> 80 | F73: =UHB!L73 -> 80 | I73: =(D73+F73)/2 -> 80 | J73: 29 | K73: =J73+25 -> 54 | L73: =I73*0.75+K73*0.25 -> 73.5 | N73: 80 | O73: 80 | P73: =RANK(N73,$N$55:$N$89,0) -> 18 | Q73: =RANK(O73,$O$55:$O$89,0) -> 22 | S73: =S24 -> Dra. BAROKAH GUNIARTI | V73: 84 | W73: 89
A74: 20 | C74: =DATA!D29 -> Muhammad Danish Alzydan | D74: ='UH1'!L74 -> 80 | F74: =UHB!L74 -> 80 | I74: =(D74+F74)/2 -> 80 | J74: 34.5 | K74: =J74+25 -> 59.5 | L74: =I74*0.75+K74*0.25 -> 74.875 | N74: 80 | O74: 81 | P74: =RANK(N74,$N$55:$N$89,0) -> 18 | Q74: =RANK(O74,$O$55:$O$89,0) -> 15 | S74: =S25 -> NIP : 196901081996122004 | V74: 85 | W74: 90
A75: 21 | C75: =DATA!D30 -> Muhammad Nurul Huda | D75: ='UH1'!L75 -> 80 | F75: =UHB!L75 -> 80 | I75: =(D75+F75)/2 -> 80 | J75: 39.5 | K75: =J75+25 -> 64.5 | L75: =I75*0.75+K75*0.25 -> 76.125 | N75: 81 | O75: 81 | P75: =RANK(N75,$N$55:$N$89,0) -> 17 | Q75: =RANK(O75,$O$55:$O$89,0) -> 15 | V75: 86 | W75: 91
A76: 22 | C76: =DATA!D31 -> Nada Aprillia Zulfa Fairuz | D76: ='UH1'!L76 -> 80 | F76: =UHB!L76 -> 81 | I76: =(D76+F76)/2 -> 80.5 | J76: 40 | K76: =J76+25 -> 65 | L76: =I76*0.75+K76*0.25 -> 76.625 | N76: 82 | O76: 82 | P76: =RANK(N76,$N$55:$N$89,0) -> 16 | Q76: =RANK(O76,$O$55:$O$89,0) -> 11 | V76: 87 | W76: 92
A77: 23 | C77: =DATA!D32 -> Nadaa Fadiyah Salsabila | D77: ='UH1'!L77 -> 80 | F77: =UHB!L77 -> 80 | I77: =(D77+F77)/2 -> 80 | J77: 28 | K77: =J77+25 -> 53 | L77: =I77*0.75+K77*0.25 -> 73.25 | N77: 80 | O77: 83 | P77: =RANK(N77,$N$55:$N$89,0) -> 18 | Q77: =RANK(O77,$O$55:$O$89,0) -> 6 | V77: 88 | W77: 93
A78: 24 | C78: =DATA!D33 -> Nayla Oriza Shatifa | D78: ='UH1'!L78 -> 100 | F78: =UHB!L78 -> 81 | I78: =(D78+F78)/2 -> 90.5 | J78: 41 | K78: =J78+25 -> 66 | L78: =I78*0.75+K78*0.25 -> 84.375 | N78: 89 | O78: 81 | P78: =RANK(N78,$N$55:$N$89,0) -> 4 | Q78: =RANK(O78,$O$55:$O$89,0) -> 15 | V78: 89 | W78: 94
A79: 25 | C79: =DATA!D34 -> Raditya Eka Putra Yudha | D79: ='UH1'!L79 -> 80 | F79: =UHB!L79 -> 82 | I79: =(D79+F79)/2 -> 81 | J79: 51 | K79: =J79+25 -> 76 | L79: =I79*0.75+K79*0.25 -> 79.75 | N79: 85 | O79: 82 | P79: =RANK(N79,$N$55:$N$89,0) -> 15 | Q79: =RANK(O79,$O$55:$O$89,0) -> 11 | V79: 90 | W79: 95
A80: 26 | C80: =DATA!D35 -> Ragil Harlangga | D80: ='UH1'!L80 -> 80 | F80: =UHB!L80 -> 81 | I80: =(D80+F80)/2 -> 80.5 | J80: 34.5 | K80: =J80+25 -> 59.5 | L80: =I80*0.75+K80*0.25 -> 75.25 | N80: 80 | O80: 80 | P80: =RANK(N80,$N$55:$N$89,0) -> 18 | Q80: =RANK(O80,$O$55:$O$89,0) -> 22
A81: 27 | C81: =DATA!D36 -> Rasya Hidayatullah Putra Zatmiko | D81: ='UH1'!L81 -> 80 | F81: =UHB!L81 -> 80 | I81: =(D81+F81)/2 -> 80 | J81: 31 | K81: =J81+25 -> 56 | L81: =I81*0.75+K81*0.25 -> 74 | N81: 80 | O81: 80 | P81: =RANK(N81,$N$55:$N$89,0) -> 18 | Q81: =RANK(O81,$O$55:$O$89,0) -> 22
A82: 28 | C82: =DATA!D37 -> Septiyana Trihapsari | D82: ='UH1'!L82 -> 80 | F82: =UHB!L82 -> 80 | I82: =(D82+F82)/2 -> 80 | J82: 34 | K82: =J82+25 -> 59 | L82: =I82*0.75+K82*0.25 -> 74.75 | N82: 80 | O82: 83 | P82: =RANK(N82,$N$55:$N$89,0) -> 18 | Q82: =RANK(O82,$O$55:$O$89,0) -> 6
A83: 29 | C83: =DATA!D38 -> Syarifa Fatma | D83: ='UH1'!L83 -> 90 | F83: =UHB!L83 -> 80 | I83: =(D83+F83)/2 -> 85 | J83: 47 | K83: =J83+25 -> 72 | L83: =I83*0.75+K83*0.25 -> 81.75 | N83: 87 | O83: 85 | P83: =RANK(N83,$N$55:$N$89,0) -> 9 | Q83: =RANK(O83,$O$55:$O$89,0) -> 3
A84: 30 | C84: =DATA!D39 -> Syauqi Lazuardi | D84: ='UH1'!L84 -> 100 | F84: =UHB!L84 -> 81 | I84: =(D84+F84)/2 -> 90.5 | J84: 40 | K84: =J84+25 -> 65 | L84: =I84*0.75+K84*0.25 -> 84.125 | N84: 89 | O84: 83 | P84: =RANK(N84,$N$55:$N$89,0) -> 4 | Q84: =RANK(O84,$O$55:$O$89,0) -> 6
A85: 31 | C85: =DATA!D40 -> Zakya Ninu Azzahra | D85: ='UH1'!L85 -> 90 | F85: =UHB!L85 -> 81 | I85: =(D85+F85)/2 -> 85.5 | J85: 44.5 | K85: =J85+25 -> 69.5 | L85: =I85*0.75+K85*0.25 -> 81.5 | N85: 87 | O85: 83 | P85: =RANK(N85,$N$55:$N$89,0) -> 9 | Q85: =RANK(O85,$O$55:$O$89,0) -> 6
A86: 32 | C86: =DATA!D41 -> Zivara Layly Amaratungga | D86: ='UH1'!L86 -> 80 | F86: =UHB!L86 -> 80 | I86: =(D86+F86)/2 -> 80 | J86: 28.5 | K86: =J86+25 -> 53.5 | L86: =I86*0.75+K86*0.25 -> 73.375 | N86: 80 | O86: 80 | P86: =RANK(N86,$N$55:$N$89,0) -> 18 | Q86: =RANK(O86,$O$55:$O$89,0) -> 22
A87: 33
A88: 34
A89: 35
C91: L | J91: =COUNTIF(J55:J89,">=79,5") -> 0 | K91: =COUNTIF(K55:K89,">=79,5") -> 1 | L91: =COUNTIF(L55:L89,">=79,5") -> 14 | N91: =COUNTIF(N55:N89,">=79,5") -> 32 | O91: =COUNTIF(O55:O89,">=79,5") -> 32
C92: TL | J92: =COUNTIF(J55:J89,"<79,5") -> 32 | K92: =COUNTIF(K55:K89,"<79,5") -> 31 | L92: =COUNTIF(L55:L89,"<79,5") -> 18 | N92: =COUNTIF(N55:N89,"<79,5") -> 0 | O92: =COUNTIF(O55:O89,"<79,5") -> 0
C93: NILAI TERENDAH | J93: =MIN(J55:J89) -> 24.5 | K93: =MIN(K55:K89) -> 49.5 | L93: =MIN(L55:L89) -> 72.375 | N93: =MIN(N55:N89) -> 80 | O93: =MIN(O55:O89) -> 80
C94: NILAI TERTINGGI | J94: =MAX(J55:J89) -> 55.5 | K94: =MAX(K55:K89) -> 80.5 | L94: =MAX(L55:L89) -> 87.125 | N94: =MAX(N55:N89) -> 92 | O94: =MAX(O55:O89) -> 94
C95: NILAI RATA-RATA | J95: =AVERAGE(J55:J89) -> 37.546875 | K95: =AVERAGE(K55:K89) -> 62.546875 | L95: =AVERAGE(L55:L89) -> 78.273438 | N95: =AVERAGE(N55:N89) -> 83.84375 | O95: =AVERAGE(O55:O89) -> 82.09375
C99: =C50 -> DAFTAR NILAI MATEMATIKA SMT 1 TP 2025/2026
N100: copi ke | Q100: 9C
N101: E RAPORT
A102: NO | C102: NAMA | D102: PH | I102: RT | J102: PTS & ASAS | L102: RPT | N102: SMT 2 | O102: SMT 1 | P102: RANKING
D103: P1 | F103: P2 | H103: P3 | I103: PH | J103: asli | K103: konvr | P103: SMT 2 | Q103: SMT 1
A104: 1 | C104: =DATA!F10 -> Ahmad Husain | D104: ='UH1'!L102 -> 81 | F104: =UHB!L102 -> 81 | I104: =(D104+F104)/2 -> 81 | J104: 40 | K104: =J104+25 -> 65 | L104: =I104*0.75+K104*0.25 -> 77 | N104: 82 | O104: 83 | P104: =RANK(N104,$N$104:$N$138,0) -> 13 | Q104: =RANK(O104,$O$104:$O$138,0) -> 9
A105: 2 | C105: =DATA!F11 -> Albeth Christian F. | D105: ='UH1'!L103 -> 80 | F105: =UHB!L103 -> 80 | I105: =(D105+F105)/2 -> 80 | J105: 34.5 | K105: =J105+25 -> 59.5 | L105: =I105*0.75+K105*0.25 -> 74.875 | N105: 80 | O105: 82 | P105: =RANK(N105,$N$104:$N$138,0) -> 26 | Q105: =RANK(O105,$O$104:$O$138,0) -> 12
A106: 3 | C106: =DATA!F12 -> Alfino Kurniawan | D106: ='UH1'!L104 -> 80 | F106: =UHB!L104 -> 80 | I106: =(D106+F106)/2 -> 80 | J106: 36.5 | K106: =J106+25 -> 61.5 | L106: =I106*0.75+K106*0.25 -> 75.375 | N106: 80 | O106: 80 | P106: =RANK(N106,$N$104:$N$138,0) -> 26 | Q106: =RANK(O106,$O$104:$O$138,0) -> 19 | V106: asli | W106: konvrs
A107: 4 | C107: =DATA!F13 -> Alif Jalu Adil | D107: ='UH1'!L105 -> 82 | F107: =UHB!L105 -> 82 | I107: =(D107+F107)/2 -> 82 | J107: 59.5 | K107: =J107+25 -> 84.5 | L107: =I107*0.75+K107*0.25 -> 82.625 | N107: 88 | O107: 86 | P107: =RANK(N107,$N$104:$N$138,0) -> 4 | Q107: =RANK(O107,$O$104:$O$138,0) -> 4 | S107: =S58 -> Limbangan, 15 Mei 2026
A108: 5 | C108: =DATA!F14 -> Almira Tian Az Zahra | D108: ='UH1'!L106 -> 80 | F108: =UHB!L106 -> 90 | I108: =(D108+F108)/2 -> 85 | J108: 72 | K108: =J108+25 -> 97 | L108: =I108*0.75+K108*0.25 -> 88 | N108: 93 | O108: 95 | P108: =RANK(N108,$N$104:$N$138,0) -> 1 | Q108: =RANK(O108,$O$104:$O$138,0) -> 1 | V108: 70
...

Sheet PRINT
A1: NILAI UJIAN MATMK | E1: =A1 -> NILAI UJIAN MATMK | I1: =E1 -> NILAI UJIAN MATMK | M1: =I1 -> NILAI UJIAN MATMK | Q1: =M1 -> NILAI UJIAN MATMK | U1: =Q1 -> NILAI UJIAN MATMK
B2: =DATA!B8 -> 9A | F2: =DATA!D8 -> 9B | J2: =DATA!F8 -> 9C | N2: =DATA!H8 -> 9D | R2: =DATA!J8 -> 9E | V2: =DATA!L8 -> 9F
A3: NO | B3: NAMA | C3: NIL | D3: KONV | E3: NO | F3: NAMA | G3: NILAI | H3: KONV | I3: NO | J3: NAMA | K3: NILAI | L3: KONV | M3: NO | N3: NAMA | O3: NILAI | P3: KONV | Q3: NO | R3: NAMA | S3: NILAI | T3: KONV | U3: NO | V3: NAMA | W3: NILAI | X3: KONV
A4: 1 | B4: =DATA!B10 -> Affan Bagus Ramadhani | C4: 39 | D4: =C4+15 -> 54 | E4: 1 | F4: =DATA!D10 -> Abid Lionel Abdillah | G4: 32 | H4: =G4+15 -> 47 | I4: 1 | J4: =DATA!F10 -> Ahmad Husain | K4: 40 | L4: =K4+15 -> 55 | M4: 1 | N4: =DATA!H10 -> Aditya Wahyu Putra Septiadi | O4: 36 | P4: =O4+15 -> 51 | Q4: 1 | R4: =DATA!J10 -> Adyatma Danendra Abimanyu | S4: 42 | T4: =S4+15 -> 57 | U4: 1 | V4: =DATA!L10 -> Ahmad Azam Muhanif | W4: 37 | X4: =W4+15 -> 52
A5: 2 | B5: =DATA!B11 -> Affansa Rayya Assalafi | C5: 33 | D5: =C5+15 -> 48 | E5: 2 | F5: =DATA!D11 -> Aditria Bintang Mustofa | G5: 35 | H5: =G5+15 -> 50 | I5: 2 | J5: =DATA!F11 -> Albeth Christian F. | K5: 34 | L5: =K5+15 -> 49 | M5: 2 | N5: =DATA!H11 -> Al Fuzu Daya Satria | O5: 26 | P5: =O5+15 -> 41 | Q5: 2 | R5: =DATA!J11 -> Ainaya Aprillia Azzahra | S5: 37 | T5: =S5+15 -> 52 | U5: 2 | V5: =DATA!L11 -> Ananda Rafa Mahesa Putra | W5: 33 | X5: =W5+15 -> 48
A6: 3 | B6: =DATA!B12 -> Agel Fransiska | C6: 32 | D6: =C6+15 -> 47 | E6: 3 | F6: =DATA!D12 -> Agni Wulan Pramesti | G6: 38 | H6: =G6+15 -> 53 | I6: 3 | J6: =DATA!F12 -> Alfino Kurniawan | K6: 43 | L6: =K6+15 -> 58 | M6: 3 | N6: =DATA!H12 -> Amanda Kirana Maharani | O6: 39 | P6: =O6+15 -> 54 | Q6: 3 | R6: =DATA!J12 -> Alvicko Aprellio Jordan | S6: 41 | T6: =S6+15 -> 56 | U6: 3 | V6: =DATA!L12 -> Aprian Caysa Raditiansyah | W6: 39 | X6: =W6+15 -> 54
A7: 4 | B7: =DATA!B13 -> Alfin Putra Firmansyah | C7: 45 | D7: =C7+15 -> 60 | E7: 4 | F7: =DATA!D13 -> Ahmad Irfan Annadif | G7: 43 | H7: =G7+15 -> 58 | I7: 4 | J7: =DATA!F13 -> Alif Jalu Adil | K7: 54 | L7: =K7+15 -> 69 | M7: 4 | N7: =DATA!H13 -> Andra Prima Reza | O7: 36 | P7: =O7+15 -> 51 | Q7: 4 | R7: =DATA!J13 -> Anastain | S7: 33 | T7: =S7+15 -> 48 | U7: 4 | V7: =DATA!L13 -> Attaya Nadine Vanessa | W7: 44 | X7: =W7+15 -> 59
A8: 5 | B8: =DATA!B14 -> Almira Sadia Qonitah | C8: 31 | D8: =C8+15 -> 46 | E8: 5 | F8: =DATA!D14 -> Alesha Najwa Adelia | G8: 35 | H8: =G8+15 -> 50 | I8: 5 | J8: =DATA!F14 -> Almira Tian Az Zahra | K8: 54 | L8: =K8+15 -> 69 | M8: 5 | N8: =DATA!H14 -> Ayu Safitri Intan Zahwa | O8: 42 | P8: =O8+15 -> 57 | Q8: 5 | R8: =DATA!J14 -> Angginia Regina Putri | S8: 41 | T8: =S8+15 -> 56 | U8: 5 | V8: =DATA!L14 -> Dimas Suryo Admodjo | W8: 43 | X8: =W8+15 -> 58
A9: 6 | B9: =DATA!B15 -> Arif Perdana Putra | C9: 31 | D9: =C9+15 -> 46 | E9: 6 | F9: =DATA!D15 -> Ana Kharisma Wardani | G9: 41 | H9: =G9+15 -> 56 | I9: 6 | J9: =DATA!F15 -> Alvino Dafa Radhwa Aqilah | K9: 34 | L9: =K9+15 -> 49 | M9: 6 | N9: =DATA!H15 -> Azzahra Quinnsha Setyana | O9: 36 | P9: =O9+15 -> 51 | Q9: 6 | R9: =DATA!J15 -> Arfan Faqih Al Hikam | S9: 33 | T9: =S9+15 -> 48 | U9: 6 | V9: =DATA!L15 -> Dwi Erinadestari | W9: 40 | X9: =W9+15 -> 55
A10: 7 | B10: =DATA!B16 -> Asifa Nariyati | C10: 25 | D10: =C10+15 -> 40 | E10: 7 | F10: =DATA!D16 -> Angga Rizki Satriya Utama | G10: 30 | H10: =G10+15 -> 45 | I10: 7 | J10: =DATA!F16 -> Ananda Dhanis Syarifudien | K10: 34 | L10: =K10+15 -> 49 | M10: 7 | N10: =DATA!H16 -> Bryan Marcanda | O10: 37 | P10: =O10+15 -> 52 | Q10: 7 | R10: =DATA!J16 -> Bilqis Aura Dayinta | S10: 29 | T10: =S10+15 -> 44 | U10: 7 | V10: =DATA!L16 -> Eka Yuanita Safa | W10: 39 | X10: =W10+15 -> 54
A11: 8 | B11: =DATA!B17 -> Calvin Mandala Putra | C11: 34 | D11: =C11+15 -> 49 | E11: 8 | F11: =DATA!D17 -> Ardiyan Vebri Pratama | G11: 34 | H11: =G11+15 -> 49 | I11: 8 | J11: =DATA!F17 -> Andra Putra Wahyu Baskara | K11: 41 | L11: =K11+15 -> 56 | M11: 8 | N11: =DATA!H17 -> Chelsea Felita Matiune | O11: 42 | P11: =O11+15 -> 57 | Q11: 8 | R11: =DATA!J17 -> Chayril Arya Saputra | S11: 32 | T11: =S11+15 -> 47 | U11: 8 | V11: =DATA!L17 -> Ellisa Adelia Putri | W11: 36 | X11: =W11+15 -> 51
A12: 9 | B12: =DATA!B18 -> Decha Rifqoh Alma Dhini | C12: 40 | D12: =C12+15 -> 55 | E12: 9 | F12: =DATA!D18 -> Aurel Azza Adellia Putri | G12: 36 | H12: =G12+15 -> 51 | I12: 9 | J12: =DATA!F18 -> Ardhan Restu Pratama | K12: 53 | L12: =K12+15 -> 68 | M12: 9 | N12: =DATA!H18 -> Dharma Tegar Sathrya | O12: 49 | P12: =O12+15 -> 64 | Q12: 9 | R12: =DATA!J18 -> Dinda Cahya Kirana | S12: 72 | T12: =S12+15 -> 87 | U12: 9 | V12: =DATA!L18 -> Elsa Adinda Putri | W12: 38 | X12: =W12+15 -> 53
A13: 10 | B13: =DATA!B19 -> Fathir Hibatullah Harahap | C13: 35 | D13: =C13+15 -> 50 | E13: 10 | F13: =DATA!D19 -> Darasti Keyshafa Azumi | G13: 37 | H13: =G13+15 -> 52 | I13: 10 | J13: =DATA!F19 -> Ardi Setyo Nugroho | K13: 31 | L13: =K13+15 -> 46 | M13: 10 | N13: =DATA!H19 -> Eza Septian Dinata | O13: 35 | P13: =O13+15 -> 50 | Q13: 10 | R13: =DATA!J19 -> Farhan Safiy Devangga | S13: 33 | T13: =S13+15 -> 48 | U13: 10 | V13: =DATA!L19 -> Erick Putra Wijaya | W13: 23 | X13: =W13+15 -> 38
A14: 11 | B14: =DATA!B20 -> Gendhis Putri Ayreanti | C14: 35 | D14: =C14+15 -> 50 | E14: 11 | F14: =DATA!D20 -> Dea Resti Lian Dana Sari | G14: 85 | H14: =G14+15 -> 100 | I14: 11 | J14: =DATA!F20 -> Az Zahra Aulia Rahma | K14: 38 | L14: =K14+15 -> 53 | M14: 11 | N14: =DATA!H20 -> Hadi Khoirul Anwar | O14: 40 | P14: =O14+15 -> 55 | Q14: 11 | R14: =DATA!J20 -> Herlin Eka Noviana | S14: 38 | T14: =S14+15 -> 53 | U14: 11 | V14: =DATA!L20 -> Intan Qurrota A'Yun | W14: 44 | X14: =W14+15 -> 59
A15: 12 | B15: =DATA!B21 -> Habibi Lazuardi | C15: 39 | D15: =C15+15 -> 54 | E15: 12 | F15: =DATA!D21 -> Desta Dwi Lestari | G15: 48 | H15: =G15+15 -> 63 | I15: 12 | J15: =DATA!F21 -> Desti Dwi Wahyuni | K15: 39 | L15: =K15+15 -> 54 | M15: 12 | N15: =DATA!H21 -> Ica Nur Setyo Anugrah | O15: 30 | P15: =O15+15 -> 45 | Q15: 12 | R15: =DATA!J21 -> Irfan Al Khafidz | S15: 34 | T15: =S15+15 -> 49 | U15: 12 | V15: =DATA!L21 -> Johan Renaldi | W15: 34 | X15: =W15+15 -> 49
... A27: 24 | B27: =DATA!B33 -> Mutiara Dewi Khusna | C27: 39 | D27: =C27+15 -> 54 | E27: 24 | F27: =DATA!D33 -> Nayla Oriza Shatifa | G27: 37 | H27: =G27+15 -> 52 | I27: 24 | J27: =DATA!F33 -> Natasya Gisella Anindya Putri | K27: 41 | L27: =K27+15 -> 56 | M27: 24 | N27: =DATA!H33 -> Syafa Nutrima Andini | O27: 44 | P27: =O27+15 -> 59 | Q27: 24 | R27: =DATA!J33 -> Pranata Diaz Saputra | S27: 41 | T27: =S27+15 -> 56 | U27: 24 | V27: =DATA!L33 -> Rahesya Firmansah | W27: 32 | X27: =W27+15 -> 47
A28: 25 | B28: =DATA!B34 -> Qeysya Nabila Maharani | C28: 37 | D28: =C28+15 -> 52 | E28: 25 | F28: =DATA!D34 -> Raditya Eka Putra Yudha | G28: 42 | H28: =G28+15 -> 57 | I28: 25 | J28: =DATA!F34 -> Prasetyo Nevan Al Fath | K28: 32 | L28: =K28+15 -> 47 | M28: 25 | N28: =DATA!H34 -> Syifa Dwi Rahayu | O28: 35 | P28: =O28+15 -> 50 | Q28: 25 | R28: =DATA!J34 -> Rafki Bais Abimanyu | S28: 31 | T28: =S28+15 -> 46 | U28: 25 | V28: =DATA!L34 -> Revalino Adhyaqsa Pamungkas
A29: 26 | B29: =DATA!B35 -> Raihan Akbar Ramadhan | C29: 39 | D29: =C29+15 -> 54 | E29: 26 | F29: =DATA!D35 -> Ragil Harlangga | G29: 29 | H29: =G29+15 -> 44 | I29: 26 | J29: =DATA!F35 -> Putri Cikara Dewi | K29: 35 | L29: =K29+15 -> 50 | M29: 26 | N29: =DATA!H35 -> Trendy Pambayun | O29: 30 | P29: =O29+15 -> 45 | Q29: 26 | R29: =DATA!J35 -> Risma Liana Gita Pratiwi | S29: 53 | T29: =S29+15 -> 68 | U29: 26 | V29: =DATA!L35 -> Rokhan Dwi Ma'Arif
A30: 27 | B30: =DATA!B36 -> Ramadhani | C30: 35 | D30: =C30+15 -> 50 | E30: 27 | F30: =DATA!D36 -> Rasya Hidayatullah Putra Zatmiko | G30: 27 | H30: =G30+15 -> 42 | I30: 27 | J30: =DATA!F36 -> Radenta Ardina Putra | K30: 32 | L30: =K30+15 -> 47 | M30: 27 | N30: =DATA!H36 -> Victar Alfiano | O30: 30 | P30: =O30+15 -> 45 | Q30: 27 | R30: =DATA!J36 -> Rizky Bagoes Sasongko | S30: 29 | T30: =S30+15 -> 44 | U30: 27 | V30: =DATA!L36 -> Sawung Lintang Kamandanu | W30: 36 | X30: =W30+15 -> 51
A31: 28 | B31: =DATA!B37 -> Rangga Putra Raditya | C31: 31 | D31: =C31+15 -> 46 | E31: 28 | F31: =DATA!D37 -> Septiyana Trihapsari | G31: 38 | H31: =G31+15 -> 53 | I31: 28 | J31: =DATA!F37 -> Raditya Eka Yudhistira | K31: 32 | L31: =K31+15 -> 47 | M31: 28 | N31: =DATA!H37 -> Vika Adhania | O31: 32 | P31: =O31+15 -> 47 | Q31: 28 | R31: =DATA!J37 -> Thalita Nava Ailsanti | S31: 28 | T31: =S31+15 -> 43 | U31: 28 | V31: =DATA!L37 -> Taufik Hidayat | W31: 34 | X31: =W31+15 -> 49
A32: 29 | B32: =DATA!B38 -> Safa Nasila Anajwa | C32: 36 | D32: =C32+15 -> 51 | E32: 29 | F32: =DATA!D38 -> Syarifa Fatma | G32: 59 | H32: =G32+15 -> 74 | I32: 29 | J32: =DATA!F38 -> Rere Etrischa Zenobia | K32: 41 | L32: =K32+15 -> 56 | M32: 29 | N32: =DATA!H38 -> Yogi Restu Bintang Pamungkas | O32: 45 | P32: =O32+15 -> 60 | Q32: 29 | R32: =DATA!J38 -> Wahid Sulistiyo | S32: 36 | T32: =S32+15 -> 51 | U32: 29 | V32: =DATA!L38 -> Valentino Febrianzah | W32: 30 | X32: =W32+15 -> 45
A33: 30 | B33: =DATA!B39 -> Sila Ayu Kurnia | C33: 39 | D33: =C33+15 -> 54 | E33: 30 | F33: =DATA!D39 -> Syauqi Lazuardi | G33: 40 | H33: =G33+15 -> 55 | I33: 30 | J33: =DATA!F39 -> Roxy Lantip Afpriba | K33: 51 | L33: =K33+15 -> 66 | M33: 30 | N33: =DATA!H39 -> Zahfa Zilvilya Putri | O33: 36 | P33: =O33+15 -> 51 | Q33: 30 | R33: =DATA!J39 -> Yanuar Putra Akbar | S33: 35 | T33: =S33+15 -> 50 | U33: 30 | V33: =DATA!L39 -> Vega Olivia Ramandhani | W33: 44 | X33: =W33+15 -> 59
A34: 31 | B34: =DATA!B40 -> Sindhi Nandha Lusia | C34: 38 | D34: =C34+15 -> 53 | E34: 31 | F34: =DATA!D40 -> Zakya Ninu Azzahra | G34: 39 | H34: =G34+15 -> 54 | I34: 31 | J34: =DATA!F40 -> Syifa Maulida Zahra | K34: 40 | L34: =K34+15 -> 55 | M34: 31 | N34: =DATA!H40 -> Zaidan Rafa Prawidi | O34: 42 | P34: =O34+15 -> 57 | Q34: 31 | U34: 31
A35: 32 | B35: =DATA!B41 -> Siti Alfiani | C35: 37 | D35: =C35+15 -> 52 | E35: 32 | F35: =DATA!D41 -> Zivara Layly Amaratungga | G35: 42 | H35: =G35+15 -> 57 | I35: 32 | J35: =DATA!F41 -> Virna Meisya Amelia | K35: 35 | L35: =K35+15 -> 50 | M35: 32 | Q35: 32 | U35: 32
A36: 33 | E36: 33 | I36: 33 | M36: 33 | Q36: 33 | U36: 33
A37: 34 | E37: 34 | I37: 34 | M37: 34 | Q37: 34 | U37: 34
A38: 35 | I38: 35 | U38: 35
A39: TERENDAH | C39: =MIN(C4:C38) -> 25 | D39: =MIN(D4:D38) -> 40 | E39: TERENDAH | G39: =MIN(G4:G38) -> 24 | H39: =MIN(H4:H38) -> 39 | I39: TERENDAH | K39: =MIN(K4:K38) -> 29 | L39: =MIN(L4:L38) -> 44 | M39: TERENDAH | O39: =MIN(O4:O38) -> 26 | P39: =MIN(P4:P38) -> 41 | Q39: TERENDAH | S39: =MIN(S4:S38) -> 26 | T39: =MIN(T4:T38) -> 41 | U39: TERENDAH | W39: =MIN(W4:W38) -> 23 | X39: =MIN(X4:X38) -> 38
A40: TERTINGGI | C40: =MAX(C4:C38) -> 54 | D40: =MAX(D4:D38) -> 69 | E40: TERTINGGI | G40: =MAX(G4:G38) -> 85 | H40: =MAX(H4:H38) -> 100 | I40: TERTINGGI | K40: =MAX(K4:K38) -> 54 | L40: =MAX(L4:L38) -> 69 | M40: TERTINGGI | O40: =MAX(O4:O38) -> 49 | P40: =MAX(P4:P38) -> 64 | Q40: TERTINGGI | S40: =MAX(S4:S38) -> 72 | T40: =MAX(T4:T38) -> 87 | U40: TERTINGGI | W40: =MAX(W4:W38) -> 47 | X40: =MAX(X4:X38) -> 62
A41: RATA-RATA | C41: =AVERAGE(C4:C38) -> 36.90625 | D41: =AVERAGE(D4:D38) -> 51.90625 | E41: RATA-RATA | G41: =AVERAGE(G4:G38) -> 39.46875 | H41: =AVERAGE(H4:H38) -> 54.46875 | I41: RATA-RATA | K41: =AVERAGE(K4:K38) -> 38.40625 | L41: =AVERAGE(L4:L38) -> 53.40625 | M41: RATA-RATA | O41: =AVERAGE(O4:O38) -> 37.419355 | P41: =AVERAGE(P4:P38) -> 52.419355 | Q41: RATA-RATA | S41: =AVERAGE(S4:S38) -> 36.466667 | T41: =AVERAGE(T4:T38) -> 51.466667 | U41: RATA-RATA | W41: =AVERAGE(W4:W38) -> 36.928571 | X41: =AVERAGE(X4:X38) -> 51.928571
A42: TUNTAS | C42: =COUNTIF(C4:C38,">=80") -> 0 | D42: 2 | E42: TUNTAS | G42: =COUNTIF(G4:G38,">=80") -> 1 | H42: 0 | I42: TUNTAS | K42: =COUNTIF(K4:K38,">=80") -> 0 | L42: 1 | M42: TUNTAS | O42: =COUNTIF(O4:O38,">=80") -> 0 | P42: 0 | Q42: TUNTAS | S42: =COUNTIF(S4:S38,">=80") -> 0 | T42: 0 | W42: =COUNTIF(W4:W38,">=75") -> 0 | X42: 0
A43: RATAAN 6 KL | C43: =(C41+G41+K41+O41+S41+W41)/6 -> 37.599307 | D43: =(D41+H41+L41+P41+T41+X41)/6 -> 52.599307 | E43: =A43 -> RATAAN 6 KL | G43: =C43 -> 37.599307 | H43: =D43 -> 52.599307 | I43: =E43 -> RATAAN 6 KL | K43: =G43 -> 37.599307 | L43: =H43 -> 52.599307 | M43: =I43 -> RATAAN 6 KL | O43: =K43 -> 37.599307 | P43: =L43 -> 52.599307 | Q43: =M43 -> RATAAN 6 KL | S43: =O43 -> 37.599307 | T43: =P43 -> 52.599307 | W43: =S43 -> 37.599307 | X43: =T43 -> 52.599307

Sheet BLANGKO
A1: NILAI ULANGAN HARIAN DAN TUGAS
A2: KL IX SMT GASAL TP 2025/2026
A3: KLS | B3: 9A | C3: UH ke : | E3: 1 | H3: UH ke : | J3: 2 | M3: UH ke : | O3: 3 | T3: TUGAS | AD3: PRODUK/…..
B4: No Soal | C4: 1 | D4: 2 | E4: 3 | F4: 4 | G4: 5 | H4: 1 | I4: 2 | J4: 3 | K4: 4 | L4: 5 | M4: 1 | N4: 2 | O4: 3 | P4: 4 | Q4: 5 | T4: 1 | U4: 2 | V4: 3 | W4: 4 | X4: 5 | Y4: 6 | Z4: 7 | AA4: 8 | AB4: 9 | AC4: 10 | AD4: 1 | AE4: 2 | AF4: 3 | AG4: 4 | AH4: 5
A5: NO | B5: Scor
B6: NAMA
A7: 1 | B7: =DATA!B10 -> Affan Bagus Ramadhani | R7: =A7 -> 1 | S7: =B7 -> Affan Bagus Ramadhani
A8: 2 | B8: =DATA!B11 -> Affansa Rayya Assalafi | R8: =A8 -> 2 | S8: =B8 -> Affansa Rayya Assalafi
A9: 3 | B9: =DATA!B12 -> Agel Fransiska | R9: =A9 -> 3 | S9: =B9 -> Agel Fransiska
A10: 4 | B10: =DATA!B13 -> Alfin Putra Firmansyah | R10: =A10 -> 4 | S10: =B10 -> Alfin Putra Firmansyah
A11: 5 | B11: =DATA!B14 -> Almira Sadia Qonitah | R11: =A11 -> 5 | S11: =B11 -> Almira Sadia Qonitah
A12: 6 | B12: =DATA!B15 -> Arif Perdana Putra | R12: =A12 -> 6 | S12: =B12 -> Arif Perdana Putra
A13: 7 | B13: =DATA!B16 -> Asifa Nariyati | R13: =A13 -> 7 | S13: =B13 -> Asifa Nariyati
A14: 8 | B14: =DATA!B17 -> Calvin Mandala Putra | R14: =A14 -> 8 | S14: =B14 -> Calvin Mandala Putra
A15: 9 | B15: =DATA!B18 -> Decha Rifqoh Alma Dhini | R15: =A15 -> 9 | S15: =B15 -> Decha Rifqoh Alma Dhini
A16: 10 | B16: =DATA!B19 -> Fathir Hibatullah Harahap | R16: =A16 -> 10 | S16: =B16 -> Fathir Hibatullah Harahap
A17: 11 | B17: =DATA!B20 -> Gendhis Putri Ayreanti | R17: =A17 -> 11 | S17: =B17 -> Gendhis Putri Ayreanti
A18: 12 | B18: =DATA!B21 -> Habibi Lazuardi | R18: =A18 -> 12 | S18: =B18 -> Habibi Lazuardi
... A38: 32 | B38: =DATA!B41 -> Siti Alfiani | R38: =A38 -> 32 | S38: =B38 -> Siti Alfiani
A39: 33
A40: 34
A41: 35
Z42: =B3 -> 9A
A45: NILAI ULANGAN HARIAN DAN TUGAS
A46: =A2 -> KL IX SMT GASAL TP 2025/2026
A47: KLS | B47: 9B | C47: UH ke : | E47: 1 | H47: UH ke : | J47: 2 | M47: UH ke : | O47: 3 | T47: TUGAS | AD47: PRODUK/…..
B48: No Soal | C48: 1 | D48: 2 | E48: 3 | F48: 4 | G48: 5 | H48: 1 | I48: 2 | J48: 3 | K48: 4 | L48: 5 | M48: 1 | N48: 2 | O48: 3 | P48: 4 | Q48: 5 | T48: 1 | U48: 2 | V48: 3 | W48: 4 | X48: 5 | Y48: 6 | Z48: 7 | AA48: 8 | AB48: 9 | AC48: 10 | AD48: 1 | AE48: 2 | AF48: 3 | AG48: 4 | AH48: 5
A49: NO | B49: Scor
B50: NAMA
A51: 1 | B51: =DATA!D10 -> Abid Lionel Abdillah | R51: =A51 -> 1 | S51: =B51 -> Abid Lionel Abdillah
A52: 2 | B52: =DATA!D11 -> Aditria Bintang Mustofa | R52: =A52 -> 2 | S52: =B52 -> Aditria Bintang Mustofa
A53: 3 | B53: =DATA!D12 -> Agni Wulan Pramesti | R53: =A53 -> 3 | S53: =B53 -> Agni Wulan Pramesti
A54: 4 | B54: =DATA!D13 -> Ahmad Irfan Annadif | R54: =A54 -> 4 | S54: =B54 -> Ahmad Irfan Annadif
A55: 5 | B55: =DATA!D14 -> Alesha Najwa Adelia | R55: =A55 -> 5 | S55: =B55 -> Alesha Najwa Adelia
A56: 6 | B56: =DATA!D15 -> Ana Kharisma Wardani | R56: =A56 -> 6 | S56: =B56 -> Ana Kharisma Wardani
A57: 7 | B57: =DATA!D16 -> Angga Rizki Satriya Utama | R57: =A57 -> 7 | S57: =B57 -> Angga Rizki Satriya Utama
A58: 8 | B58: =DATA!D17 -> Ardiyan Vebri Pratama | R58: =A58 -> 8 | S58: =B58 -> Ardiyan Vebri Pratama
A59: 9 | B59: =DATA!D18 -> Aurel Azza Adellia Putri | R59: =A59 -> 9 | S59: =B59 -> Aurel Azza Adellia Putri
A60: 10 | B60: =DATA!D19 -> Darasti Keyshafa Azumi | R60: =A60 -> 10 | S60: =B60 -> Darasti Keyshafa Azumi
A61: 11 | B61: =DATA!D20 -> Dea Resti Lian Dana Sari | R61: =A61 -> 11 | S61: =B61 -> Dea Resti Lian Dana Sari
A62: 12 | B62: =DATA!D21 -> Desta Dwi Lestari | R62: =A62 -> 12 | S62: =B62 -> Desta Dwi Lestari
... A82: 32 | B82: =DATA!D41 -> Zivara Layly Amaratungga | R82: =A82 -> 32 | S82: =B82 -> Zivara Layly Amaratungga
A83: 33 | B83: =DATA!D42 -> 0
A84: 34
A85: 35
Z86: =B47 -> 9B
A89: NILAI ULANGAN HARIAN DAN TUGAS
A90: =A46 -> KL IX SMT GASAL TP 2025/2026
A91: KLS | B91: 9C | C91: UH ke : | E91: 1 | H91: UH ke : | J91: 2 | M91: UH ke : | O91: 3 | T91: TUGAS | AD91: PRODUK/…..
B92: No Soal | C92: 1 | D92: 2 | E92: 3 | F92: 4 | G92: 5 | H92: 1 | I92: 2 | J92: 3 | K92: 4 | L92: 5 | M92: 1 | N92: 2 | O92: 3 | P92: 4 | Q92: 5 | T92: 1 | U92: 2 | V92: 3 | W92: 4 | X92: 5 | Y92: 6 | Z92: 7 | AA92: 8 | AB92: 9 | AC92: 10 | AD92: 1 | AE92: 2 | AF92: 3 | AG92: 4 | AH92: 5
A93: NO | B93: Scor
B94: NAMA
A95: 1 | B95: =DATA!F10 -> Ahmad Husain | R95: =A95 -> 1 | S95: =B95 -> Ahmad Husain
A96: 2 | B96: =DATA!F12 -> Alfino Kurniawan | R96: =A96 -> 2 | S96: =B96 -> Alfino Kurniawan
A97: 3 | B97: =DATA!F13 -> Alif Jalu Adil | R97: =A97 -> 3 | S97: =B97 -> Alif Jalu Adil
A98: 4 | B98: =DATA!F14 -> Almira Tian Az Zahra | R98: =A98 -> 4 | S98: =B98 -> Almira Tian Az Zahra
A99: 5 | B99: =DATA!F15 -> Alvino Dafa Radhwa Aqilah | R99: =A99 -> 5 | S99: =B99 -> Alvino Dafa Radhwa Aqilah
A100: 6 | B100: =DATA!F16 -> Ananda Dhanis Syarifudien | R100: =A100 -> 6 | S100: =B100 -> Ananda Dhanis Syarifudien
A101: 7 | B101: =DATA!F17 -> Andra Putra Wahyu Baskara | R101: =A101 -> 7 | S101: =B101 -> Andra Putra Wahyu Baskara
A102: 8 | B102: =DATA!F18 -> Ardhan Restu Pratama | R102: =A102 -> 8 | S102: =B102 -> Ardhan Restu Pratama
A103: 9 | B103: =DATA!F19 -> Ardi Setyo Nugroho | R103: =A103 -> 9 | S103: =B103 -> Ardi Setyo Nugroho
A104: 10 | B104: =DATA!F20 -> Az Zahra Aulia Rahma | R104: =A104 -> 10 | S104: =B104 -> Az Zahra Aulia Rahma
A105: 11 | B105: =DATA!F11 -> Albeth Christian F. | R105: =A105 -> 11 | S105: =B105 -> Albeth Christian F.
A106: 12 | B106: =DATA!F21 -> Desti Dwi Wahyuni | R106: =A106 -> 12 | S106: =B106 -> Desti Dwi Wahyuni
A107: 13 | B107: =DATA!F22 -> Dominikus Febri Andrean | R107: =A107 -> 13 | S107: =B107 -> Dominikus Febri Andrean
A108: 14 | B108: =DATA!F23 -> Evan Lingga Kurnia Zaen | R108: =A108 -> 14 | S108: =B108 -> Evan Lingga Kurnia Zaen
A109: 15 | B109: =DATA!F24 -> Fathan Syahrul Anan | R109: =A109 -> 15 | S109: =B109 -> Fathan Syahrul Anan
A110: 16 | B110: =DATA!F25 -> Fina Uzlifatil Jannah | R110: =A110 -> 16 | S110: =B110 -> Fina Uzlifatil Jannah
A111: 17 | B111: =DATA!F26 -> Hafidz Nugeroho | R111: =A111 -> 17 | S111: =B111 -> Hafidz Nugeroho
A112: 18 | B112: =DATA!F27 -> Kevin Sahasika Abyan Abiyyi | R112: =A112 -> 18 | S112: =B112 -> Kevin Sahasika Abyan Abiyyi
A113: 19 | B113: =DATA!F28 -> Laeni Shohibatul Maghfiroh | R113: =A113 -> 19 | S113: =B113 -> Laeni Shohibatul Maghfiroh
A114: 20 | B114: =DATA!F29 -> Maelani Mulya Sari | R114: =A114 -> 20 | S114: =B114 -> Maelani Mulya Sari
A115: 21 | B115: =DATA!F30 -> Mafasa Agung Dwi Putranti | R115: =A115 -> 21 | S115: =B115 -> Mafasa Agung Dwi Putranti
A116: 22 | B116: =DATA!F31 -> Marwa Dwi Hafsari | R116: =A116 -> 22 | S116: =B116 -> Marwa Dwi Hafsari
A117: 23 | B117: =DATA!F32 -> Natasya Berly Intania | R117: =A117 -> 23 | S117: =B117 -> Natasya Berly Intania
... A126: 32 | B126: =DATA!F41 -> Virna Meisya Amelia | R126: =A126 -> 32 | S126: =B126 -> Virna Meisya Amelia
A127: 33 | B127: =DATA!F42 -> -
A128: 34
A129: 35
Z130: =B91 -> 9C
A133: NILAI ULANGAN HARIAN DAN TUGAS
A134: =A90 -> KL IX SMT GASAL TP 2025/2026
A135: KLS | B135: 9D | C135: UH ke : | E135: 1 | H135: UH ke : | J135: 2 | M135: UH ke : | O135: 3 | T135: TUGAS | AD135: PRODUK/…..
B136: No Soal | C136: 1 | D136: 2 | E136: 3 | F136: 4 | G136: 5 | H136: 1 | I136: 2 | J136: 3 | K136: 4 | L136: 5 | M136: 1 | N136: 2 | O136: 3 | P136: 4 | Q136: 5 | T136: 1 | U136: 2 | V136: 3 | W136: 4 | X136: 5 | Y136: 6 | Z136: 7 | AA136: 8 | AB136: 9 | AC136: 10 | AD136: 1 | AE136: 2 | AF136: 3 | AG136: 4 | AH136: 5
A137: NO | B137: Scor
B138: NAMA
A139: 1 | B139: =DATA!H10 -> Aditya Wahyu Putra Septiadi | R139: =A139 -> 1 | S139: =B139 -> Aditya Wahyu Putra Septiadi
A140: 2 | B140: =DATA!H11 -> Al Fuzu Daya Satria | R140: =A140 -> 2 | S140: =B140 -> Al Fuzu Daya Satria
A141: 3 | B141: =DATA!H12 -> Amanda Kirana Maharani | R141: =A141 -> 3 | S141: =B141 -> Amanda Kirana Maharani
A142: 4 | B142: =DATA!H13 -> Andra Prima Reza | R142: =A142 -> 4 | S142: =B142 -> Andra Prima Reza
A143: 5 | B143: =DATA!H14 -> Ayu Safitri Intan Zahwa | R143: =A143 -> 5 | S143: =B143 -> Ayu Safitri Intan Zahwa
A144: 6 | B144: =DATA!H15 -> Azzahra Quinnsha Setyana | R144: =A144 -> 6 | S144: =B144 -> Azzahra Quinnsha Setyana
A145: 7 | B145: =DATA!H16 -> Bryan Marcanda | R145: =A145 -> 7 | S145: =B145 -> Bryan Marcanda
A146: 8 | B146: =DATA!H17 -> Chelsea Felita Matiune | R146: =A146 -> 8 | S146: =B146 -> Chelsea Felita Matiune
A147: 9 | B147: =DATA!H18 -> Dharma Tegar Sathrya | R147: =A147 -> 9 | S147: =B147 -> Dharma Tegar Sathrya
A148: 10 | B148: =DATA!H19 -> Eza Septian Dinata | R148: =A148 -> 10 | S148: =B148 -> Eza Septian Dinata
A149: 11 | B149: =DATA!H20 -> Hadi Khoirul Anwar | R149: =A149 -> 11 | S149: =B149 -> Hadi Khoirul Anwar
A150: 12 | B150: =DATA!H21 -> Ica Nur Setyo Anugrah | R150: =A150 -> 12 | S150: =B150 -> Ica Nur Setyo Anugrah
... A170: 32 | B170: =DATA!H41 -> 0 | R170: =A170 -> 32 | S170: =B170 -> 0
A171: 33 | B171: =DATA!H42 -> 0
...

Sheet Sheet1
A3: 27 | B3: 28 | C3: 29 | D3: 30 | E3: 31 | F3: 32 | G3: 33 | H3: 34 | I3: 35 | J3: 36 | K3: 37 | L3: 38 | M3: 39 | N3: 40 | O3: 41 | P3: 42 | Q3: 43 | R3: 44 | S3: 45 | T3: 46 | U3: 47 | V3: 48 | W3: 49 | X3: 50 | Y3: 51 | Z3: 52 | AA3: 53 | AB3: 54 | AC3: 55 | AD3: 56 | AE3: 57 | AF3: 58 | AG3: 59 | AH3: 60 | AI3: 61 | AJ3: 62 | AK3: 63 | AL3: 64 | AM3: 65 | AN3: 66 | AO3: 67 | AP3: 68 | AQ3: 69 | AR3: 70 | AS3: 71 | AT3: 72 | AU3: 73 | AV3: 74 | AW3: 75 | AX3: 76 | AY3: 77 | AZ3: 78 | BA3: 79
A4: 70 | F4: 71 | J4: 72 | M4: 73 | O4: 74 | Q4: 75 | S4: 76 | U4: 77 | W4: 78 | Y4: 79 | AA4: 80 | AC4: 81 | AE4: 82 | AG4: 83 | AI4: 84 | AK4: 85 | AM4: 86 | AO4: 87 | AQ4: 88 | AS4: 89 | AU4: 90 | AW4: 91 | AY4: 92 | BA4: 93
